normalized_key,latitude,longitude,coordinate_source
56556f4a98aa8fdc864d4afc8f10ba984b71cf94a12c70f5fa91207fe827358e,35.5124723,-108.8210105,nominatim
acfdceddaa2d1f33ec4c3b8c3376c63071286333f3bd60a960a3bd87479100d2,35.5100037,-97.9741968,nominatim
6794903cab0704014156da9b555f5b8aaacc4c8a681aaa8f7523c7fa38f9b395,35.5325678,-108.7037353,nominatim
96473da5a831b3dc4543ac7dc23e2030fdc7b9eaa481a4b33bda6318c704ad44,35.5035465,-108.8325866,nominatim
191d0d69dbb57bc71dc992a317f77b0dd5cd1d0ae985da3823aa372ad52e4faa,35.4729886,-97.5170536,nominatim_city_fallback
573edad10408a524f2338df19910b90b679d7059ab5e52cf55e079c94c2e6230,34.0246234,-95.52055,nominatim_city_fallback
6c8096e224cfce6d7abdf464410b7ec86ed8a4b20ee1902849a94300f6dfb2d6,35.1697175,-107.8908919,nominatim_city_fallback
0687318ee91520747e36922e5dae4fb001e42c109842e1277ab3199c27b8988a,35.5156056,-98.9673069,nominatim_city_fallback
d8e5a16c9237084f83edc7ec654e0e40c58142c69c60e6e18b0784dd767dafc8,35.20729,-101.8371192,nominatim_city_fallback
53abf7b21b2a8c223d5bb8e80d77c794898ce95ef3ecc6731d8b8cb24ff88353,35.2026182,-106.7497236,nominatim_city_fallback
0ff57d796fdd3fbf65971489aad7a153a025d10ffa0f1e2b90b75f8d266a1fff,35.20729,-101.8371192,nominatim_city_fallback
aebbe0bba80d28e298045b33b03bdc2f693b31fd20d806e123af125e5ff93906,35.3454637,-101.3806571,nominatim_city_fallback
ffffa8d3ff710cb943a94b040bf2b56dbde18395b3325eb79c5316cdcebbf8bb,35.0841034,-106.650985,nominatim_city_fallback
69d3ee2782972f92f27306b419e94f054d156a3bdd932eb39d3a4f745378d01c,35.6008883,-98.1188072,nominatim_city_fallback
2582bdca80952c5db431462ac9513a55c51face7e0d3586ed1f18644f5a1177a,35.20729,-101.8371192,nominatim_city_fallback
89fb65de3ede5b1fc22b56f196584b4cec0d8f37d6847e2667b905914f17ba55,35.4140081,-99.4138648,nominatim_city_fallback
5bf4ebda81330b0bd4fb0708385958bbfc20ee99132ec6c23c517dd7c7a3e484,35.4729886,-97.5170536,nominatim_city_fallback
03525678951e8f2d57d9bb23b3ccbe01914595a8539c5bd234449da686c5bc57,34.9972037,-106.0494876,nominatim_city_fallback
7cfbe44fa3d58ed123d684bbc3639d445395c98a7f2066d4caed446fc19b80ac,35.20729,-101.8371192,nominatim_city_fallback
3cf02a5f22b40a81c65c5167831a97cb2e7ea8ec7d3e649d41d428e491d08b24,35.5283506,-108.743907,nominatim_city_fallback
07224e041766609e49a313618d3247a336f171879694f2cc919b3a31cdeb0974,35.1697175,-107.8908919,nominatim_city_fallback
adc4b4658c1252ce083afbda816e70b8e8d41c044fb49b9b55f690b8d44eff53,35.2979543,-99.6399648,nominatim_city_fallback
5526c48ee99b1b4778c5410e2d49360e84f18755d7f2549919d3bda9e56be936,35.20729,-101.8371192,nominatim_city_fallback
d31d4c3bb6fe23e0947f6d3e60d0c00265aeb059024d74f8d1d41240f857e53e,34.9972037,-106.0494876,nominatim_city_fallback
3313515bc0c7c193878f65c4605230aa5765831230fadfa440f679440048d730,35.4729886,-97.5170536,nominatim_city_fallback
e76d6fd6109959974d9c8e04ac5173f53711c1e3efc4f8c181de094b3eb1ee7e,35.4729886,-97.5170536,nominatim_city_fallback
b0de78511c41a89cdee52d32205c720d337db86ad3e7140c9ff84edcdbbc9910,34.93867,-104.682489,nominatim_city_fallback
bee61a6dc60d557157045ec4f24527cab31ba451259dabb2cf623b82f92d0b20,35.0841034,-106.650985,nominatim_city_fallback
e9c4930c1785d7e5e7b784237fe1beb170f158f6027b75bc8baa34cc8d10bc82,35.5283506,-108.743907,nominatim_city_fallback
9210360248a5ba883322d640c8955f3a54a4ece75e9a4a0fc702ddb7e04b7c6f,35.6008883,-98.1188072,nominatim_city_fallback
67ac1d1803b2a45382fd2a8f4155cafde10e80bf36d1727baaa5815698b47008,35.5156056,-98.9673069,nominatim_city_fallback
1f1964986ead3f09a65c8a5ca3a0441cbb22d94be76ad710f008c1745144f945,35.212709,-99.8690567,nominatim_city_fallback
0001036343386612b74c736d88c1d8db2feb62ed16ebfb053c30f287a29870de,35.20729,-101.8371192,nominatim_city_fallback
639452f956cd82020636730240e3dfd3eb57ff7bbdc41168b209785d479f4e5a,35.1705939,-96.6263487,nominatim_city_fallback
9c4c6263865cd8d0d37a85f84484f927e41fbfacf4606eb577df7b0037ad4d60,35.5109296,-95.1299597,nominatim_city_fallback
6aab866ef5b6d1f54b2c0e9ed1d8a8aa057357c505779652db4a19ada4627152,35.1719425,-103.72504,nominatim_city_fallback
5508776a4dcb28b6a0118778266df06b38cc857af2d0396eee271d3e8dc86458,35.4729886,-97.5170536,nominatim_city_fallback
634ed13b2debcac2b4009f8e0e0f0d3a6199ba02e87b4fb545cc85cf267ce82f,35.0841034,-106.650985,nominatim_city_fallback
96171e1724a8f57630fba792cad862de427dcec1c2ce1a4dd1805620778e7dc2,35.4729886,-97.5170536,nominatim_city_fallback
c1a82574b318d7e67da31955abaa8450e9842800422717a0a3a0a857e51b8cce,35.4325854,-96.3050064,nominatim_city_fallback
82aaea4c89c9d2c5c17dfae0f49ad39431c690521090cddcf486843e054ef47a,35.2142167,-100.249007,nominatim_city_fallback
fbc02c6a705de23f9c951822ee0eb07fb60382245297ba1b390edcd47ccff6bc,35.24603,-102.4252734,nominatim_city_fallback
673a2379483e591b23df7c332a9c7c10bb0bbec522090cbe45ec0aa1379195ae,35.4700917,-95.5230691,nominatim_city_fallback
c614378e71b4e5d9616af62c0eee0f89fd83dc933baf4c4229e4a832b75843b5,35.4325854,-96.3050064,nominatim_city_fallback
c5b36f4a56923497a277d09b9ec438e069ed828e76986221f9e5dc7181b3854a,34.93867,-104.682489,nominatim_city_fallback
3b5daa8ca50db4f0d6c45a76440ce5b6fb520754fe67f18c7709c2306a4a656f,35.4212021,-94.5146616,nominatim_city_fallback
8800db6b84fdd8e352d8979b9b8550223be68cce6cfd55be9325d226f2a1533e,35.1719425,-103.72504,nominatim_city_fallback
83f6d1991886c60d6462c70561b8c08183e01f89f93ddb3b363b36933ddb9056,35.4212021,-94.5146616,nominatim_city_fallback
a3f2edf2e6aa02b01e2246dc94100eb434708b4d68c692051855e3a0044dc843,35.5261633,-98.7075744,nominatim_city_fallback
6e46c3f93aa86c0572b8dcb83babffe84a4df25492140ace2ac74afdf3bc8440,34.8960604,-107.5819746,nominatim_city_fallback
6724444ebc32d13c31f911c941d18ffddd4ee5c7dfe7fb854488e6f92bd1321d,35.20729,-101.8371192,nominatim_city_fallback
e9e359d8ea468dab89c86bdabd730481f00568db0e53cd2bc91b98256efe9bcf,35.4729886,-97.5170536,nominatim_city_fallback
83035c09b2488dd7bf177b6f01e39a64c58cebdd18c445b30002176608ad5aff,35.2979543,-99.6399648,nominatim_city_fallback
7747784ff0ed3d658760d0f63cc958e949dbbaa31e960b88c473390ca32e7ab2,35.046318,-107.4713938,nominatim_city_fallback
5017f508819812d758b6c132a7712da3b72e05c63e6ffdbc679688d70d5929fe,35.0841034,-106.650985,nominatim_city_fallback
7d3e3fbbe5c137f1b846b4ac7bd72fc9d407c17f0e647f3aaa14ffd44fef5225,35.8483867,-98.4133205,nominatim_city_fallback
c5eb89758e70ce38f810873c6bda419c4b7a13288f24461cc8f8385f69a8faa3,35.1064347,-103.3309382,nominatim_city_fallback
f859bbf150c9fa174dc6626cf1576d1e173240978f398e67dcf993f0ffbaaee1,35.4715518,-98.3556589,nominatim_city_fallback
be39ebf4bfd07982bc5609daf32db35c6d72f63b4d41f5436a59e34240013f5d,35.1064347,-103.3309382,nominatim_city_fallback
5a98d39fd4b8d9d32697b281132693901966e63dc3a0a86dc3395a35046c98b4,35.3272928,-96.9253004,nominatim_city_fallback
82d37758eaa809fc9832c1dff37cf2034ed37192ba03abae2cc4c1e386053ea4,35.4140081,-99.4138648,nominatim_city_fallback
9a0f3980d17d99e7cab3c5cabfdbdce36a71e3e77f3d1e12e0ec97ec29e77b38,35.494675,-95.3060603,nominatim_city_fallback
6592ed958243f80b1a9eb6ce2d62219267f797265e7bfa42238090f5de563a53,35.20729,-101.8371192,nominatim_city_fallback
8a7d54a8e951920c5fbf79d483617bd0cfa10eee57ba3b0395c4e5ee0bfc6976,35.1705939,-96.6263487,nominatim_city_fallback
99d81144ed7679c19ee8ad2168824cded1ecefbf90337f449b264d8de0e89328,35.4140081,-99.4138648,nominatim_city_fallback
ddc6b245d6e821678157f99c2cfe0441114b1e3caeaf5a525e8f598d4f43e60c,35.4700917,-95.5230691,nominatim_city_fallback
078230cfd6fd3099426ab0d2be3e1d9c8d1fd6ebd35c105d51ced0397f478160,34.9972037,-106.0494876,nominatim_city_fallback
b3a1e5b30e3982991cc7c8a8b708fc0d9294e2ec3c5f472573b36ff0b613df2a,34.0246234,-95.52055,nominatim_city_fallback
eb6375f40e17bb5266efdedee25fc2c0d932a1a324fb98070f04cbae9e54ac37,35.5156056,-98.9673069,nominatim_city_fallback
e6f7df6a1bffe36ec665ab5433516315d237b6488862dde4798a00ffa638ae4b,35.0841034,-106.650985,nominatim_city_fallback
1d25e3ee5a118daa2336ab134e32ee62f613ac5380a9be56b67f4f5e9bf4a75c,34.93867,-104.682489,nominatim_city_fallback
15cf8fc8cca7ba90213865bb387e854065279c61ae73dcd6acd935544ea453a6,34.93867,-104.682489,nominatim_city_fallback
0a33af02eca79ce4482d6a6d1baea0424fa2d57f114ca8fed1f2457d403cbee1,35.2979543,-99.6399648,nominatim_city_fallback
7eda1c5939852df1d66c90ce51cc1b72001e80d2dbf3e888513f7a720da81e4d,35.3272928,-96.9253004,nominatim_city_fallback
6decb1ed72f9a79ed4946b3b2e7d7d5cac510ece0d48afcb1e56d5ba33c402ba,35.0841034,-106.650985,nominatim_city_fallback
02dcaefb713e08794029d9a68d1755cb28e1faf207b599fae439be4f9b314d63,35.0841034,-106.650985,nominatim_city_fallback
00e51a296f8e027a2d4926aa926fc2efe66af6643dcdea8ca78130eb67e37f31,35.5261633,-98.7075744,nominatim_city_fallback
a7a06cd955e26d8a25a988b0174d78d3a3b55faeaea5af0f8b3a4aa3426c9ac6,35.6302132,-98.3184548,nominatim_city_fallback
64488d7cdac66843be4dc63420d98060bbde0e16a1d4a108cde30836686ff3f6,35.20729,-101.8371192,nominatim_city_fallback
e0436ef2e17529160201cbdaa261b247168aff606d9f4905e65051ada4958da9,35.1719425,-103.72504,nominatim_city_fallback
54aa704e8d8a13d1333b9efad5c19a69a9ce607611d8d5f042ec8be1a34615aa,35.20729,-101.8371192,nominatim_city_fallback
c3062f5dea8fd718978b61a7ae2bcdd3d61311cc9c90ef1972e3d5695e3c91cf,35.0094982,-105.66918,nominatim_city_fallback
3fc396dd722fa7d81eb2164aa502c979b707605e6b95a577bac6d6e2bd9ed387,35.20729,-101.8371192,nominatim_city_fallback
01b4e8d17d7b17dfbd490d3b58530d6d53a56e4ad4f61e2bb1bdfd4a2139beef,35.4062034,-94.5988306,nominatim_city_fallback
344a04e012ad7bd6800b9d8e1d432ab71ba8a24580df41cc2b90e5c2bd0e175b,35.20729,-101.8371192,nominatim_city_fallback
269673d7f723312048626408cc3b68ce7dcb289755d0d3203788e257e585e027,35.4325854,-96.3050064,nominatim_city_fallback
10c86076820c5a26e7d8109883474927b29d9c6ffeda1c076a61e7b8646682d6,35.4140081,-99.4138648,nominatim_city_fallback
3ba74b7739ac70f07d28cb5ef3849bca8428b52a36c3dbff85c451ebf3db9040,30.8249094,-97.604454,nominatim_city_fallback
4346be02b6395af0fe62102fe70d63f2e6825f5dfb156c11853562cf57dfb9ec,31.5970503,-94.5927451,nominatim
0ac21a554dde636621ffc05e567411589e57632ed925e653011f98e0b0e0dd57,31.963778,-95.2705042,nominatim
fa072a1ff99dacd60006e755ec52a77f3732f23c5cef222fcd54fec49f73acbe,27.5079211,-99.5069834,nominatim_city_fallback
6b39b610686d2a8ae85c9296ec3016db712b755a55f210a44b2431446d48ba5a,32.7399277,-96.8160745,nominatim
896a3ddcecb705ddecabee4df0cef3284f4665b40a5c630461f65e43819c9701,35.20729,-101.8371192,nominatim_city_fallback
43a99f6a24896fdb8a908acfe2a64544d1a6eb3ada2b703fdbae527c4353b0c3,33.1995883,-102.2738857,nominatim
74a2f1e6710d6be721c5816e295b9279a86bb18d4c82caae870f922e0b7609ae,28.6751261,-99.1833513,nominatim
19c19b4e85e2d8e918f723dc49e96433eecdfd9d16ac3b7fcbd8e8ef4e5bb82c,35.8409448,-101.9732956,nominatim
ab85ef375f50b1a2ab5c1d3189675a8f02868473798912d9e481a926daf364cf,27.8781306,-98.6142095,nominatim
171077f61cf7ce6c53dcde571c371f0e7907007a98317c19c724c211823587e8,32.2690953,-102.6042447,nominatim_city_fallback
4517dc727fe6f319eb31335be29a80259e6448d099a57be18583799cc6d48e58,33.2101155,-97.7547552,nominatim_city_fallback
59595b5c1b35316d29216df95588b824190d4f5ae4f803dbc7d86963e9d1393f,29.286868,-98.6482144,nominatim_city_fallback
6b9a4fce679a3c9650ad6f4680b244d3c310891ebdd01a3e49e32b426948fc8a,26.1291189,-97.4134281,nominatim_city_fallback
031e50d4887ebc69551224349e17100079026167f30dd45dc253d0ec61942da2,33.0318031,-94.7219895,nominatim_city_fallback
2b88f3285205f34664862739ea40af81c4e632a73590e3eaea6b01f7552c0e9e,30.4368977,-93.964566,nominatim_city_fallback
b264b61a54ae1419074aaa18dddb4edd8a9f4d86adab545387e0068653f6f8da,31.8899302,-97.0870831,nominatim_city_fallback
f13ea7fbf591a15373c73b928998d006356d7d4c352069bf971373a844edc698,36.3781996,-100.8026264,nominatim
57c596e46355ae16cb3c5e0bf2fb97133244f966684bdbb880c7e6f51eed959e,31.5020514,-100.3854623,nominatim
6bdee6231b5a33f163d4eefd3c1e6840e837557e9a90dabe9ed9480338c6b0dd,32.6392429,-96.4903785,nominatim
11811a30179a00052e38b229c46636f10fab635651490e45ba40d5cbb5a8d80f,31.8369062,-100.9990743,nominatim
306e273b050f6a65b36641246629699294d64dfcf962e0e2ef11fb700b53440d,36.3361403,-102.072119,nominatim
b9698f006fd3e527c4f7ecad7c16d1a5a53c54f54d716d3a9544f56799f1b4d6,28.4647614,-98.1809755,nominatim_city_fallback
ea3b33f7f6f1d1bad17958e8de018b42bdd88f2f51f4fbe80dc2dd907d4d953e,33.6553688,-96.934841,nominatim
d699edb08e32329276105426f5e9173e8101fdf714956a063302968159e0079b,33.5942438,-99.2603073,nominatim_city_fallback
85804af68de6146a830e51a35552e9decc52adeac4672e3c982d966c4e7bdf80,33.4481042,-101.6748171,nominatim
af1b421dcd119b17ad0afd2e9739e8c2865a414551e6906f07196ce4adee3715,32.9761045,-96.331334,nominatim_city_fallback
af177119ba09a6ddb16c71fbc8dc65318d031db8705a627c29d63805ee3805d9,30.907308,-94.0079962,nominatim
b57c8db2965df61200a7e2efaabf2ccb9dd560fcdf6d04dc2d85a4b5a639daff,27.2247328,-98.1462397,nominatim
01248e62a341ebb78d0bec9f77be772ebeba41b818766064785876a953c591ba,30.6370152,-97.6775634,nominatim_city_fallback
4e7d1c32c3f5f3075225e047ce5c9ea54cf629f6b47f9a5703cdfd59593b6918,30.7244895,-94.9449846,nominatim
67b5f105c5d293c174a0d503df23d645a3fef58ccb4979499fad92e5bc248e9f,27.7522487,-98.0697249,nominatim_city_fallback
1646261380c441c0b7a0722bfcc094a0a54a48f0879bab39c6c7a05e9e46690e,32.912624,-96.6388833,nominatim_city_fallback
870a8f76aada71e6e360aa9d84d54f9abf64da38120230a3c32cbb8fdd0cc641,26.2486851,-97.7338816,nominatim_city_fallback
a9f652fd8c42ebd1b10e8395044237cd92bea7d5c1ac5ff2ddbccfc46b2f0703,32.2437586,-96.4985967,nominatim_city_fallback
74cfb5d38e8ac0a26ab0766a512a06eb809d3f659d9516c432bacd093e6062ce,28.3318242,-98.1171612,nominatim
7d15faed3b43fb9cac094f0baeb56321f3981abb670cae5703ab5a3aa08d80a9,36.0616092,-102.522223,nominatim
51b200d61019b4a9e410f689b8cd196aa69e44d1b3665573d03446b6cb755147,33.3986018,-94.0867505,nominatim
6ad7a40e912ee868bc69b8884fc64ea982b233090dad51ede4020a60cf5b0d54,33.1838787,-97.1413417,nominatim_city_fallback
8655322ff80c302bed8c94b4497ec54056f83fc0030f9a824cf814648474690e,26.3013982,-98.1624501,nominatim_city_fallback
5c0dc70e01e26ef9c331d1d341aeac578be8a6aa77b7b0c6b0d2ff80ae0f0d5d,32.8923464,-96.4066987,nominatim_city_fallback
9dfed35387a14c06d46f24171c6777e194877ba2b72a4487f5b215e7eb928378,35.8409448,-101.9732956,nominatim
f7b7588e9a78542fdedb566551eacaf9189a8f9ecf65903fb2d059a10e35ef05,28.0942916,-97.8274111,nominatim_city_fallback
eb745f709a21ff3b2e62af7dbd1bdec3a7a2e9aba3a2da97940bdb226d424a0e,33.6248484,-97.142753,nominatim_city_fallback
64fa25697d80383a4ea3d26ddf09df405f36190f5be27f1240ae84d2709c78bf,32.7180803,-100.918231,nominatim
0f98c7ab1b517b2e51c587fb815d2ffa5a21fc0b97ff6665b89e304da6531f61,33.5855677,-101.8470215,nominatim_city_fallback
18f9353be2028dbf0f40329426408b25a251354b81b0c5c6be40e361918bbb1d,29.8826436,-97.9405828,nominatim_city_fallback
d734fa9e1efac11b602551b9446432f122467535bc5565197a3b7b97bd1fee08,34.5390629,-101.767781,nominatim_city_fallback
8339c65bf0bebbe245b5238025d60b38968370181fb0104ca7fff0036efab709,33.3423763,-96.5870077,nominatim
b35d54a6a1400efeeaaccb2a269e67b58e6ca3418d958a9f7f9d9c68ae9a7ca7,26.204114,-98.2300605,nominatim_city_fallback
fc8c977b634b3c9c114488fe73329c5fb9a97c48c6ecba53eb399b3f5452a84e,33.3541879,-97.6944884,nominatim_city_fallback
183c7645710136a3fe42e63350cc5ec3806c6a0bc1f5db807867be822d95d20b,33.1838787,-97.1413417,nominatim_city_fallback
cda4f3f88910883d3fa34fa90960559a1314002fe0df679d69b427d33201683b,33.1890841,-95.2214564,nominatim_city_fallback
444c895cf29ed8a02535b47d41e64229dccc6a012e691b5d6e0c9c2d2869fb11,29.2560731,-98.3327903,nominatim_city_fallback
1c350dfbcb3b3faeaf865597fdb73ee6bf3fe61466ccefebcdfba66ebe4eeb2b,32.5143898,-96.8066615,nominatim_city_fallback
e178f4715f2c1cafa94024f30394e5847172dbd62e373ac23ed316c75d228036,33.9004572,-98.5020777,nominatim_city_fallback
62f9a216ea6f48fe14c5080328818db85e4757e41ff259a7aa3b55b86767f8dc,33.9189172,-102.332836,nominatim
92706668fe2866616e94339b8a87c775197bbe8e3102956e3fb9b3e237d88f6a,31.4634891,-96.0641283,nominatim_city_fallback
f80b0cb3e0d1fee5062aba91910793449811d37897ab5e3e73c514c5d5c98eb8,27.5079211,-99.5069834,nominatim_city_fallback
d871bf0945a01e8cc311f0b66973a5e8918e94959fe9b6a73b98a8ce4b84c174,27.5116253,-99.5031934,nominatim
f22f7f158620a7c405be70f2a4303cd979d6015b3708b323629ff8083aa708e1,33.5472157,-101.8451618,nominatim
ca07642216cd4284ec3ed5a7ac34d3165bb86726a1f104092b8d4476972e0998,29.357515,-100.8987707,nominatim_city_fallback
9e092d049c41015e08ee9c0a2751d1325837179cc8b0ea5fa07d9a633399ed8d,34.8245521,-102.398778,nominatim
757e70ad7ef1c6cb43d4f2f2aa42386fe63b16fdde93193907ed64c310512239,28.709211,-100.4992936,nominatim_city_fallback
89af5b5cdc22535a37c7b07b50685f9ea86fdda95ca3357ec75d9337c8429165,31.7411047,-99.9530698,nominatim
4c87f445e99831fe6b54c757091763af42d2ca2ec9c39f7cc9d66d784b1f8cad,29.7028266,-98.1257348,nominatim_city_fallback
6d27fbc1afb8e227653452ea7b6ed67797d3e8e1d06a879d1d9625946dc597d3,32.753177,-97.3327459,nominatim_city_fallback
417c8639301a1c15464fdf838ea23493eae7f6c43bf6dd3685b90f81bae11821,31.8901111,-100.2911889,nominatim
5d338dc3b1cb74ee3d150aeb468a47fda1b373ededb12b15dd6ae38ca2c18524,30.620956,-96.351966,nominatim
0c30c1e87acf85297f63871be65bbe4c06e28ee2d6c8f1aff4cdf2cf9d97c490,30.4368977,-93.964566,nominatim_city_fallback
cb523a844369fb12b99ac13e511e988b6aae4d3ae9836252a10527dd73c38aed,33.4598415,-94.4154787,nominatim_city_fallback
f21fe0c7d100577e64e8727ccf1645fc74f5f41c13d374f9ad2ac8fa51eb3e83,34.1973434,-101.7491132,nominatim
4544c843a8801b31bea0104e1680cbe38049ea90f06febf0bcd729c639400b82,31.2578221,-95.9785301,nominatim_city_fallback
2aef4f784f2fefd23a804960198cf8622db47f4b29aa82df0252f3df8595c24a,29.286868,-98.6482144,nominatim_city_fallback
594ac6d94d9656ef93e69d66bd3eb7d4c8b753bae4c6542b7a51b91f2dfa290e,32.7167351,-102.6490967,nominatim_city_fallback
a2b8b1f956f92c00a3b495972bb81ca31c0722ad4b39b14b1b385f0a6465a83a,33.2342834,-97.5861393,nominatim_city_fallback
0e941142e38ae082417db2397efacf048b2030579a4025bbf6b95121c48ed66b,31.3386242,-94.7288558,nominatim_city_fallback
b42d5931845488e99e328201625671ccb3cf698acf4698e913d9c35a35445a13,32.7762719,-96.7968559,nominatim_city_fallback
1b82e09001d7fa7d8a693000bb7f8b304c2790650e4ef454982b6c160203b5d3,32.5890243,-96.6852724,nominatim_city_fallback
d1390e277386beea72777e5572f10c9244a0a011747aefb2e6e2553d5fe0c89a,27.7903032,-97.6688843,nominatim_city_fallback
c1d3cf3f8520548dda8a086b0d37880e2130fff13c36e31748bbe6d3ad070cfd,31.7244035,-96.1648789,nominatim_city_fallback
bd22bf3a447a9dbd522aaad0b3250cb551c30bda5ee9e1c0d12ba281d15dae04,33.7373671,-101.8385055,nominatim
09b4dbd929c53d1cf3a38c04c43bdcc0809036c0e92f3d666046e19fdf7bcde9,31.5545147,-97.1325618,nominatim_city_fallback
a1f5862662256229f7bbc2abad0881e02b3c8308866291a6c0ce148bce62a43f,33.1384886,-95.6010143,nominatim_city_fallback
ad61a124da3f5219c8da5ff61558329c44e9035d19325564c3df8924dccfb015,27.7522487,-98.0697249,nominatim_city_fallback
766e9c2bb6c8687b6b82f751ddadd28ef83ab306a177176fc792e4922f06fa2b,29.286868,-98.6482144,nominatim_city_fallback
cc256b47656be17f69a04308fc6819f395819a1f83477daf2820573041a27305,32.6133723,-99.8130377,nominatim
8b1bb08ada087540b977fb375be54a3fd58d3e36d5d08d1ef5ba8c5f781677ec,28.3318242,-98.1171612,nominatim_city_fallback
a6ec92c084f84c1b6bff7690234633c9b87aea3ad97684c9c7b4cb1ccb3df008,31.6429346,-97.9715967,nominatim
7d348c69834c9ec3edc14adeb7ed32d0dbedea60647d4746e169741b541c6eb6,28.0942916,-97.8274111,nominatim_city_fallback
ab9f325fb97e978d849d4a507770d183e12ca43be1c40ba8268aca6af7f74005,33.9618,-98.6708437,nominatim
70d3e4f11681cb973416fbd4dea33a79e3d4b31215eaeb31619b9b62f5d3a591,31.3076774,-96.6319231,nominatim
28af7076a5fe8327af714af912d3feae404449362e4041cc36bccab96735c843,29.7028266,-98.1257348,nominatim_city_fallback
3b3fc351d7d3b52a966519c5587fcdb8ef1802f7fc4be9ca0ca16a10e9e7dc23,34.7253581,-100.540097,nominatim
84cbfc7841282144bbba50d2a45655aaed812c54ecacfbc47e7d5200feb2b170,30.2488239,-96.3771874,nominatim
cdd2d4302851604a1fe4629e552767df0ee5557aed508280029b2fa99505acb2,27.3643568,-98.1144579,nominatim
fb9c98adf8bc43ebed7442b851fa08121d67d1e88bc6b3af0db7995ab6176828,29.4246002,-98.4951405,nominatim_city_fallback
d6549791662664329adf72a96a0d05e10270e4edcd547f214658d359b074ff7e,29.4246002,-98.4951405,nominatim_city_fallback
c9cf047c49c542f9f934e62ca46d071dba23d88689a6821c637a21cbe72c3566,31.9037814,-94.3952022,nominatim
0106f8340eb7a7ad0d32faf36ab09f10239150abbd0c847510f3ae9c0a280678,33.4306652,-96.3385926,nominatim_city_fallback
be4ee9e1c065ee1df2e8878a4aa6acf724a04b16476f73368f8118becb002c27,29.286868,-98.6482144,nominatim_city_fallback
a2e3a49da44f4992b8fe80c180868ab922ac564d5f48c65e8cd9125308c510b4,32.9744464,-97.3482592,nominatim_city_fallback
8e221936357f365ffe51e0f66dfb3cd5e4652b5d9f79820a44d0b060fec7ba76,31.5545147,-97.1325618,nominatim_city_fallback
27e33b072080ba86f032e9b784b2d28ecbdb0bbe04902ae6238b021afd2b2876,34.2540252,-99.4965917,nominatim
3e4d8bac91ae17faeb63c381b6f998dee454085229ddd9e337c3fc5525eca6d9,32.7762719,-96.7968559,nominatim_city_fallback
d1198341d7d7364725ce8a1ea6756a4d861fb24775f583b81ab2b7f8b8abf570,33.2405775,-97.6013379,nominatim
c9ac57895c8594f06ddd2ecdcec485c0e430470af2797ac93ff2de72898bb895,30.1228634,-93.9041169,nominatim
c91499ec988f5e4e4b6fe4a089b376976e134323149d693fbf2fcf5e1c44907a,28.709211,-100.4992936,nominatim
1617638a51c30b0b86d2c2af7c8508670f1522467f28132d39a746ce922a4ece,28.7087214,-100.4842921,nominatim
d0799bca69cb97e0351ee71f9c395d5b4b11af96a1455c3eee0db5a79cbe5f04,32.3293111,-96.6252679,nominatim
f7cff4879e9bf838cabdc27554e4814d462fddf079a71db7d5e1c397e7819ff5,34.6342881,-102.7385749,nominatim
6ee14e270ce0b2a1b71c443e29cda23672e9f1b4b351a55823fe078ac05651ee,34.1513105,-99.2860857,nominatim_city_fallback
4caf863be6fca207b8f2e44d0b55f145bfed47913fb4d17bf68195012ad7bafb,29.4436555,-97.5108636,nominatim
7a2a165e2773c2bea3932e32e674b547882c82b34cf4b29ebfb6b7fc39a4bc8d,29.4436555,-97.5108636,nominatim_city_fallback
571cf5ceab07b50c089a96e62709f258b41a362f0219710606a4a40adc9b5c22,33.3546786,-97.7034049,nominatim
ac56d695576df8e098cad3f152c2ecaf3bda1f752084336ec5900413baedb4b8,31.8457149,-102.367687,nominatim
afa55ca2baa9dac74c0ee1790928c39933617e7b6c3eec86e00485375bf372d2,26.1947962,-98.1836216,nominatim_city_fallback
359bd3637d7ace35f32aa094af1539f8fcf3f0af5b8585fdef830e9a6bb0fc45,28.0205733,-97.0544341,nominatim_city_fallback
f974ccba197a2cc5047e596a4656446d3a4df33d734817eafbc93acb27f2fa3c,32.753177,-97.3327459,nominatim_city_fallback
e31cc9a0ba19be4a7794c01d01303ce68621ad3ae2c05be6895fba39060e297a,32.9491659,-96.4680997,nominatim
18857d40424417cfa9b9924f1f644bd4659569368e7ab61480c405647454d374,33.3496662,-96.5547038,nominatim_city_fallback
99b09c331a10b7e41898ade1e55e01285221882db651738b24ed2f59f7265e0a,32.8295183,-96.9442177,nominatim
8b162cd44ba9de25543c5d266655e141fe3bc835902d91a19f2a5fb630a27ec8,28.0406329,-99.3552096,nominatim_city_fallback
17a96e4780d3396832b5a53b946720a33bdbcdb97e35a3a219c3e30859a28424,32.482361,-96.9944489,nominatim
6e6d71a7dcf9843ad4f49e3306bf5f5e60e9954314846f6b88873b8c070cabf5,26.2476714,-98.175373,nominatim
3fc4bce80b6e6eed7d807a3acfe3e4a7f2fa08a00b31bcb1845a157129e81719,30.4393696,-97.6200043,nominatim_city_fallback
f451786a948785d8d32232eae006eb69e732765daae69dfde39f449422b25d83,30.6743643,-96.3699632,nominatim
506c89b9d9c6bdd940eb12ae8713d39ef0644edb4869dbb0022ccae4dbf02bb6,27.5897193,-99.4970276,nominatim
4df554795f849645da0ed11d747008bf3ca57ab307d2904f6a9fdb828aa8a52a,26.3013982,-98.1624501,nominatim_city_fallback
e04eeed1e096cd7fd9f0bc46b1f7141c3253d387c13bb4816a6c91116c4908a4,31.4634891,-96.0641283,nominatim_city_fallback
8dee73c98d2833d1c9e80cc4631c5e7efc649d83fb3b22c8344d10523384829d,27.2247328,-98.1462397,nominatim
0dad727d7d081682feade7d6660506d9923d2816a4dcfe4b8439ceade57683f6,32.1840381,-96.8847194,nominatim_city_fallback
9642fb1371fd5058a36662fd0caac709117f83025377dd317f80c9aaebace13d,27.5173665,-99.4499858,nominatim
b352fea3035ac10a467cee3b82f93ab3f566cecbbd10a19fe272ad8789adc876,33.5539938,-82.8961899,nominatim_city_fallback
486eff3e5e1933e86b6d928845b80f8dbd960a777b6e057e09734eb5c29a4c66,32.5404447,-82.903754,nominatim_city_fallback
1bec448eb2433b1baf3f2e3abb64d7c501ca2719f87598461c97cb8b2eeaf170,34.2978794,-83.8240663,nominatim_city_fallback
a2e7860bd2bcdd5d7471ca7bcada97a635e237a1b1763c92ee116d8fec22968d,32.7504441,-81.636776,nominatim_city_fallback
376e2a486e0a54d29e24d35324b31701035aa13b6c36a6cabceaf2fd77617122,32.5404447,-82.903754,nominatim_city_fallback
014a5df1d3c8e6612e276c4fa7fdcb1aca5337e0eb9ffc8da93254461f8df0bf,33.4663248,-82.5026089,nominatim_city_fallback
f0f8cdfd264204df97a3a2c90c07a61ef9e709b6e292858208865e284f8ffe44,34.0026005,-85.0416133,nominatim_city_fallback
e12a954f65c579d6226322c509b113b1af1ddda6c5d77585aa665b1d62af524b,34.1092735,-83.7626729,nominatim_city_fallback
c864f0829452ba329e9b79e9feb460f9faf7e95c48eaf25f72c1356402033441,32.3671237,-81.8840039,nominatim_city_fallback
7a14f105360253af3f79644f0e851ee441c51c14ad850b946d4b154c5ecbd598,30.9038252,-84.5754768,nominatim_city_fallback
24e67a4c79a9b7b1e25c6fa96d21b79fd1b157c695f63b4122d6eab3a0ce3355,32.397118,-82.0601196,nominatim_city_fallback
75fe3782160774098e17d599cf6785e4b464b96af57e403c1bf5c1049a1c17f1,32.0790074,-81.0921335,nominatim_city_fallback
ac1a2909fd0dd1e21a39bdbc268532513b976096cacec94385140fe4a341d14a,33.7544657,-84.3898151,nominatim_city_fallback
f6ff6902aa04e83b6cf780463fe7325e02e49e60995202f657d54bb3ed5992db,33.6995565,-84.7622973,nominatim
ac04daecdd26f44a511b58dd3ce2c8f1a4c6670818a5a013f35c05e9c7dbf081,31.805769,-81.4306642,nominatim_city_fallback
1dabdbdbd6650fed48a6d6b582ca165a5cf05543be343ff2222ff841efb994f1,32.149092,-81.1631681,nominatim_city_fallback
01f1d761da21129122fde55b934529800c03255816d6bc61c292839c5a914db4,34.7600791,-85.531076,nominatim_city_fallback
08b8108dfce85d91dd5c37045b137d6117bb6f6df9e4b8da4f268d5f4b5ac7f5,33.635655,-84.3293733,nominatim_city_fallback
b3820fbe658fc38fdb072142175449efc425d7d4260d4eaaaea5f8e4a24e068c,31.9382381,-81.3035515,nominatim_city_fallback
0706026e020224bc586854e04e4e47c2a41e3128c5edfe07f6828d5492220b48,32.2330518,-83.4674404,nominatim_city_fallback
59186c3bd0d81f93fce046c87299e5122b07c20d45b6fc14c623357fb5c14a58,34.203997,-83.4571058,nominatim_city_fallback
1576155193e4b6609ec80c396b98dbb4fbb649c5cf6ff876e6ee8f44b0d4e4cf,33.6853141,-85.2596222,nominatim
32c073a254dc1080b4abf0e9deeccce5250fd1164c26e93e8bc0f507c1da2fc8,33.2076456,-82.391792,nominatim_city_fallback
50b7ba5ee19587f58be7fc5dc6bcd0e643fd35d9c861cc3ba2037e7df1c05edb,34.1307533,-83.1817407,nominatim_city_fallback
98b286939c887434ed227b514c97b464bf3da07a0f5cdd19b2550bc0226d2af4,31.9382381,-81.3035515,nominatim_city_fallback
f679ac18076ec870c0ce3a80108ba871e5d8a794dfdca9195ecc0769f86bc745,33.039291,-85.0313269,nominatim_city_fallback
43e1b452bade913f35135170bf30a3a46b2b8f5a45ce97728803a6415b09a0a1,30.9638429,-81.7226063,nominatim_city_fallback
8a6e09df82a9ea4cdbcae8b7986db1554bfbd006d37df507d2c9144a6489cd49,33.732052,-84.9191081,nominatim_city_fallback
b6f9f0afeb718075dfebbcf7373efb2d35cb1b4c97298c262e11d129c64f526e,33.7208676,-85.1456929,nominatim_city_fallback
cc95a72a004cfaf405a5281fe741af34e21c19292d2dcdc49f2ba23671ebc7f9,32.0790074,-81.0921335,nominatim
dbf824010e43c2ec349c13a26cce54da185de89262f0c39f06c2d1d1f6813300,33.4709714,-81.9748429,nominatim_city_fallback
2c8578d6d055440ada1052bf34a1bc8a8deb7977670f0b2ce96df8d202dadac2,33.3806716,-84.7996573,nominatim_city_fallback
9307ee813f347ed67271744933a037aac3bc5ee4ca30a2c0029888fd08a64e09,33.7544657,-84.3898151,nominatim_city_fallback
ad6e07930621b9ae349f13f55ea270a85a634fd7101fef5a3e4208c6949dbec1,30.8305818,-82.0097846,nominatim
f18a0bb22514a3fc8e7b53952228a220f558545cbb7022e70d99968a8e1719b3,32.8040512,-81.9492812,nominatim_city_fallback
cb41ba5bdcd1aa1a34fbf05ddabffffa8fa2f6b48ec6baf5264c2dd002c2391f,30.9638429,-81.7226063,nominatim_city_fallback
a383d716123861ae36e1dd5ed6ee3a162533f7001555c8d5dbd968304da8f850,34.3698266,-83.235155,nominatim_city_fallback
edae13c5548f63347691e009ca5f0cb273bdbd346a4a88f8198bd7c5f738d443,30.7999563,-81.6898261,nominatim_city_fallback
830b0371cc80d2d454cf7da57d59b78a28992fb836ab06bcc02db25d355760b4,33.7544657,-84.3898151,nominatim_city_fallback
17dd6fa4c528481d8b4bac5368923b0557bf1fa43567343761f5bf4d10722861,30.9038252,-84.5754768,nominatim
6813f341df23fa8c137f0476d1c3ec0d8800d1aceb3368be7b10de82e921785f,31.1499528,-81.4914894,nominatim_city_fallback
6419fe0dcbce451d5bad9765d992f68215843e9cc30b426e926b1414fbd37200,31.1499528,-81.4914894,nominatim_city_fallback
616e16d59e7a10e06533bbc5a217e1fe5cbd514b0ee79338a8fec4d0084ffc9b,32.149092,-81.1631681,nominatim_city_fallback
23898e9abe0b4b1df929fd6d8e4e832f38c16cb9e01cf012315ad3c668a3c8c8,33.7442912,-85.2879889,nominatim_city_fallback
3f54f773791823bfe9eacadf717761264d64058de6223c064ed6e918171e1ed3,31.240693,-84.1999774,nominatim
de60cfc1bd1f66afb7d3e7d00b3a4c892901c6100f645352051b7c8819f43908,34.4077085,-84.1356771,nominatim
1ce7253ddb6510ea55cbe4b89fef1ed02282ce564ff75a6ddf49c9bba9f07433,32.6876606,-83.3470598,nominatim_city_fallback
9323b27c0ae6a4e4b081ba419e74918d2ff343e155b1b8c0a7f087bfc9824d93,31.1335651,-84.1403181,nominatim
d8a0074abfb0804458e31099994db349ba96481d65c260d7635c2e22e0605086,31.7773202,-82.3490533,nominatim
c9e584bf5dbf7d887efbb574ccea1738fb3c2176fa327c8a91fa2de594f2a8d6,32.2835422,-83.4667907,nominatim_city_fallback
5cde12bdb9890eff8851410a532da4c997211ed95fa8c67636d2e5dbcdab8b73,33.2971092,-83.38464,nominatim
fb4798ab79ccd3f937ddad3a09de531d6a5c5fdd7782fa66bef10e0a0af08eac,34.6125971,-83.5248933,nominatim_city_fallback
554a3ee57227137949da88ed3ad2c3c363a3ec5fa5c8b6e6738c5edc0d223ec6,33.7742145,-84.62592,nominatim
003b3bedc5c2a84b17cbb0611b6569dbbf24587f9c2612b0dfc9b593e7dbd7a4,33.0015407,-82.4112377,nominatim_city_fallback
de04101a0ac13518b267e98bf05794d906deabbae399b64c6aae83ede3bd8e90,32.8406946,-83.6324022,nominatim_city_fallback
972ebabc7bf2960e52194937c9d01b0181aeff497906d081a9b0fdb8cd0a006f,31.5943567,-83.2504328,nominatim_city_fallback
a99acf6efd96c8c3633441258e5adfd63275a0a8e42e398d1d5153be632da562,34.257038,-85.1646726,nominatim
279560c3adf9a7dd59743fc726fd0b6fbf730146e89409e3dcec50d62d092331,32.8668223,-82.4040162,nominatim
0d7fc60d89e98ddaf2e015afa95be96aa89e1fd8e59a00c493bea8e39a2df553,31.8696309,-82.5943026,nominatim_city_fallback
b9d628526af10ca98464f631493433a2e6ab72c823774e840a7ccbaaaeaa0eff,34.2206305,-85.1320821,nominatim
633aa3014fea7607c4c434bfc03fe088286f8a8c4862f2137c8a8b27178b596f,34.3698266,-83.235155,nominatim_city_fallback
789143f4d89a63b553508d16800d9ab8973e15c9d845900afbc14090d2843bfa,32.9359886,-82.8115273,nominatim_city_fallback
45116e6366f7422586325f5337169d71787ca8cbbc5652c95f5fec278895e871,33.7370514,-85.032445,nominatim_city_fallback
773c17438ce212a1b815f395049aff49af3912f6fe7cacf082aa76b81a0795b2,31.0411365,-82.7341953,nominatim
4ee08b3d0586e0ba87c67437a618a12d3cc7915bd9f81cc581205056da0019f4,34.0075753,-83.3293578,nominatim
e3b6dfc6bb68d32c1d58e400a699c635b6b743dd72acb2b80d76ce56401ffdff,33.7370514,-85.032445,nominatim_city_fallback
6af184661939ca2f0a6102f72e70a946cf14220ab585662685b676b5fb43bd6f,33.4709714,-81.9748429,nominatim_city_fallback
d4093713d9eca12dc17a2d03346a619ae27461874091c84b702aee1e1c4a81a2,34.3683267,-84.9349057,nominatim_city_fallback
73c6425f02f6f272ae98d0f6556a53410138e61ad0d36107eed3cfd7b673959a,32.0790074,-81.0921335,nominatim_city_fallback
f7fcb5add787a247528bd3b42b3c1d50c83522892fca8b0a48327228260ea2b4,41.9910203,-87.7489423,nominatim
29072b114daca94a505bc129d97ae0262fd79018a9954cb9c2fce53affd4fb4c,30.7999563,-81.6898261,nominatim_city_fallback
296f812daa317c63c0442b1e65437ab66a4e85d8afcd8dabd5d4a4076e761fbf,32.8406946,-83.6324022,nominatim_city_fallback
8acfed3df9a1159e856d5b3de0602872cc7b7f0f4fe879fe0cbf65ea76ad8685,30.7999563,-81.6898261,nominatim_city_fallback
a9255433378b2e6ac08c963efb3752c0974e69eb1fc922b7f7eb57f361442df4,34.3876013,-83.6662854,nominatim_city_fallback
5e0c9b7d10971a74050a367b9304b574b265c67791f4762a0d2c11b1669208d2,32.5748608,-84.827152,nominatim_city_fallback
0e55a5b54a58c6c17fe544db81ba4bd66c6354e82ab1155c49050d4df98cba0e,30.8365815,-83.9787808,nominatim
435bcf86a6be2f05fce3ce55560836f00fee2b9e0354ba3610fc7972cbfacc74,33.5670562,-84.5810418,nominatim_city_fallback
ebd0221b83c63c80afdc0286496f18f3bf3b39f15defd6d3c50350446d98faab,33.7544657,-84.3898151,nominatim_city_fallback
00d47bd5f703f1866fa87e8654bd8864576b86949fdb44c9cdff174a9c5383ee,34.1307533,-83.1817407,nominatim_city_fallback
dcb9247ce9e449403b7a09da0ec3753a198cc06c3afb0b4162dcd0c3149b163c,34.3698266,-83.235155,nominatim_city_fallback
91e15af113b1be033d5660869eda2c7709094a8773cc453f215c80ee547dc776,32.5482221,-82.8718084,nominatim_city_fallback
65f1c8444f2187c8830f1ad44f80b1dbabef4833deb1f505254db489832057fb,33.754721,-84.4661597,nominatim
c33ee0883075a89c997f4afec3a77f5e9d2299062098e6dfddfb4d7db8ccb5f3,33.754721,-84.4661597,nominatim
a99e8fc1ff96db51c327069cf2c3f99c9649c0f8c3d719810288404de7e9ab17,32.0838481,-84.2395344,nominatim
e67da0819219a8801fb55b92736345f6b80625f458f2b953f570387298f3389b,32.3190398,-84.5171411,nominatim
6f15dae2357856965ee3dab29ed39b298daddf93ec7d6e7b0141eb9b3638d5d3,33.635655,-84.3293733,nominatim_city_fallback
9893074c63be3e61797775aaf460e9237746e059ec30d156b07f194d24dd17ae,31.0404625,-84.8790911,nominatim_city_fallback
cb1a664e8af37fa7448d1cdf15935aad8da599ead7ce7bab70aa2c95aaabc042,33.3778914,-84.2888119,nominatim_city_fallback
c38fa25a7602b5e2805a3ab8e417c3cad9fd2e8398efc626c9170706a6322035,31.9265223,-82.6778413,nominatim
f5b1b7f34fd3a9b9d0935d2634fd0269587df0234186f3a2b5c0a93389ded3a7,31.1793436,-83.788579,nominatim_city_fallback
c356c1eda1a69acea64ce10d6ddaab8986bccabc93e8ea8f3d5dd9e912696108,31.1793436,-83.788579,nominatim
cc5cff7270db5e62f1cfdbb05af10093063250ab0e80ad57e90f5bc2ff237b8a,34.0026005,-85.0416133,nominatim_city_fallback
76156674d02879ef543e9297c21def9a802429723c8fdce91ae6b5492fd6ee88,32.4490141,-81.7832912,nominatim
9655840a02104532c42244bf1eb8b0850d4f59364208b2edf00126e230ca25a9,32.4490141,-81.7832912,nominatim_city_fallback
344c610fd3da07e635a28212e6291d3c667ebb59b74ec7d75ff128d0e94c289e,32.8668223,-82.4040162,nominatim
5a6c7c5fcfc4742b4b15151432ccbb27b29c639d52d873b7db235c214fd7b595,33.3806716,-84.7996573,nominatim_city_fallback
1d7947ed3237b1701c780afc1160dc8ecc938b0933a6bcd82d5c3ae5120737ab,33.6156831,-83.0745969,nominatim_city_fallback
a37f682c7f6c52baefef249ceec3bc32569ec5fb71cb5a77dd8d67777ba9583c,33.3181609,-82.190408,nominatim
8df0665e85ca5a1ae1ebed2cf0ed904e3c026d5acd79e6c672918b37808f8265,32.5748608,-84.827152,nominatim_city_fallback
0e328c1472c30ee866f53f2af4fc24cab1126838b0697dce391ff40b466d281d,33.619874,-84.2974279,nominatim
9650603453d3bf72d1c3c94547501d24e6fdc1817728aaa292acbdea2deeaa36,33.7028848,-85.1832821,nominatim_city_fallback
275f7ed042d5cfc9ad994dbb1ed90f72d961e5dc94c73bec2555dbe6bd89d850,34.969132,-85.4079199,nominatim_city_fallback
457eaa569f228fadef9d334f130a3ae3af438f817f8e53a540d604fbd1d5e1a2,32.5404447,-82.903754,nominatim_city_fallback
29d8bbfc131ecb9bb67dc9a5246230d4844ba9fce317ee317bb71f80c5717709,32.5404447,-82.903754,nominatim_city_fallback
74d21f97361748cc9a0c1c341090e6e245984919edc1f8fea4d8750ae4943a7c,32.5829413,-82.1551219,nominatim_city_fallback
930406a04f1c3cc551760c17ad48cd8f3212abd346030fd1741279e7e0b17675,34.2402502,-83.8398107,nominatim
a618fda14676c81bf5540430ba4639f2abf5d146693ae5c7a73c2de7f6e0dc02,34.969132,-85.4079199,nominatim_city_fallback
bd41fafc2bd87f2c417a313c8db453b69f2a06d697d5a8dfb08db1f41a5d24f1,33.6101096,-84.287978,nominatim_city_fallback
75a98056b0166922a262bc41d2dc4bf8547d78f9c80ab80c7f9a78cc556a27a6,30.7999563,-81.6898261,nominatim_city_fallback
cfcd021111969c13d558ee59716f28cd842ea103ce5ed9626e216c93cb962bd9,34.91591,-85.1091173,nominatim
1fd077a349ab58fdb8a93d63b1fdd503337e7161cab6c6916c15f196675a434a,31.9382381,-81.3035515,nominatim_city_fallback
f356ce9f5c5655f5d8eb8154620add7428695a832b33e830eb480cdca7ade486,34.203997,-83.4571058,nominatim_city_fallback
4cb7420031b080c5db3c118aee7fe2dde25efacb166c8b5aabff20e73456f133,33.3267128,-83.388485,nominatim_city_fallback
323770fe80ec9e5c49e306507dfa4c636a5b9dbae45ae6b145deb9d30ee8a1f6,33.4663248,-82.5026089,nominatim_city_fallback
092d431508cf6ef57dc5d1c99cf4ccbba3efa33d9b9580aa5a7a605c96e3fca5,31.5782062,-84.1556809,nominatim_city_fallback
727fe9dc9f68578cf985d99640f9b4947704997290945ed63db7f913ac5b726d,33.1731769,-84.914936,nominatim_city_fallback
f0498e857f8faef7aeee50870b3ce0a8272656fa0de662448472d38475e71b85,31.7236264,-82.1985623,nominatim_city_fallback
4dd1ebffd374f4125afeb0c85645e45ae5e663fc0cf364092a1e23bb7da5f74a,31.3702255,-81.4339903,nominatim_city_fallback
b7301f0e639933d87019370fb15797d4f1fda5bce43dc95be480739fe6552b6d,34.9572143,-83.3864536,nominatim_city_fallback
0fb443bcc0d64044377b2253e7a544b72b8f8184a45d431ca5d7ddfd28ec36e4,31.2135511,-82.3540178,nominatim
197fa00a05b79f28fe050a0e3256e5826234205721448759d8d5c64a6de9a0f3,32.1235368,-81.4856673,nominatim_city_fallback
d2cf5bf1ef27bcdf6fe6c82ce63ca0cd1c57cca38fedc67034954c82e78ad30a,33.6995565,-84.7622973,nominatim_city_fallback
beda68b6971be4fb29ee23d8be1a4f30f600dd4335ff3ba9d86468fe6060d41e,32.0879342,-84.6674203,nominatim_city_fallback
cc687424d9904cdf64b0bcdfcc114f1f10aaee0db4d4a83d457f1c3014ac69bc,34.7948953,-84.7729539,nominatim
07a64938dcf375f95e03b473789513f22a34ca17dd997d5ef1675c8647113e6f,31.5393701,-82.4623557,nominatim_city_fallback
e6edd04e5989ad3700f58fc93e6b2e13fe0f1baf85fb30a80342abd6b63486e1,33.5046322,-84.9234898,nominatim
32ba83a76052c0e1ed499a1d7c6989498ae061f64fec8fd0a019fc3b3a8c0784,31.3407551,-83.0459826,nominatim_city_fallback
c7cd2cfef3aa364124b71a08aad88c7c87fdb6c233d27fdb75901a01cddf7216,34.91591,-85.1091173,nominatim_city_fallback
33a1b6884423daad2065a110df97be99569df49040d97f147eaf26dbaa0fb114,33.4709714,-81.9748429,nominatim_city_fallback
0eab8da8a588759cefeda643dd006602dc5e5b2cc0eaa66e21d3009f6ce2dba9,33.4709714,-81.9748429,nominatim_city_fallback
f556f0525c2003070b3f4a5c623555be3cf336d7e95539214921e7f764fbcf85,33.0142344,-83.9044159,nominatim_city_fallback
c409afa4aa58751c9250b34ca601977b0fe1d2421569019f9d4129f11dad249e,32.0733113,-84.2351545,nominatim
39ca7e9881a2b3b0be087f5ea321e90a6bfac344d7bef87b8d7cbca60e4a5ee5,33.9887165,-83.8979573,nominatim
f666bc63231e2a61c3bd776ade2d4c576867ded3c9f2e904c29098d26c4bd9ed,31.7702707,-84.779205,nominatim
bb7e22e90859cc999bb93f3fa2946e825b51d8d6c77f8ed95ce1202e3e2b7a86,33.5178907,-84.6696549,nominatim_city_fallback
35100b5a0af050a1a0f6fabdd8c5f53c2f3f433768c15f93f241d7a2f169e1fc,34.3995295,-84.9346577,nominatim
73caee96e02bda832be18ae2bdec4c0e4a2f6a65cebcbd56d45da4eb6c5ad130,30.7203759,-81.5485714,nominatim_city_fallback
2a477999f590c7f95ee3cabefb5f2bce5b2692b61b4ec554752902ac72fd2dbe,32.5537585,-83.8874084,nominatim_city_fallback
51d878d14ac0d4dc409c86fa72a62ddebbe8eaac639e89115de9000501b7097f,31.1499528,-81.4914894,nominatim_city_fallback
88c28663b5406f510dcfc1929c7c6643f69e45a5b3a09fb720d6dd7cdb1becb0,30.8773326,-84.2079425,nominatim_city_fallback
81112a3b9b24f347c1f568d80def3c28d8bc56ff1f7efa408550dc0d1bddb882,34.0755962,-84.2945964,nominatim_city_fallback
58977319967354bf502ad45959721cffb5097d6b71c74c8aebbc91222d8fe100,32.0790074,-81.0921335,nominatim
a3f45a425ab2783316ca8b9e02549e5458b1b7d6115b6c439dd14820aeb9df49,33.9195591,-84.5027933,nominatim
5e684c1de63877ba50b1968276bba1266dc731a2e9a0404f22d3b1d51d9f0ef2,32.729674,-82.719384,nominatim_city_fallback
e1d75a87ac90a1b947eea0743673dcfc4273bea139dc8c92a89ed632fc3bcb80,33.7797505,-84.6506401,nominatim
f6f55d7f9c1577ae4ce07bd1d1372eddc8a01276d20da7aabdb8d4c6f959763f,32.4357954,-81.7847728,nominatim
36e690ead420b1e07346742ba66cd323c543507d612a1e9b0389ca953325dfa9,34.1652304,-84.7997613,nominatim
fe377f08f12e76ceabd1105f962cc3302d0149d102cfc79009e50098bf00227c,33.8062166,-84.1457505,nominatim
e1f60ab0d563d89667424c5fb3817d4dc190ef2d5dbae3f56d17b58a54eb8a8f,34.1165054,-82.8735803,nominatim
d0a062ae071b2ea61c2d05433c0e4bb21261fab391789089fc156009b20ef263,30.7495931,-84.4838714,nominatim
2314bc2f281f8013e4660b32da0dca1ec9106ad0dc4c0c13b29322f31a34dde0,32.0790074,-81.0921335,nominatim
07becf4d3a5ad96919fdd3542ede1ecc253338d559b04385e379ff3944110c08,31.5944407,-81.8702296,nominatim
aefe079877f34c7b141bb1b07ce143aef7abdb64c72e5c405d7551e6c99f8e07,31.1369905,-83.441339,nominatim
52ac52a42d473e6d66e68af9918f73fedd0b18dc2bd168a09e00bc02d454b898,33.4709714,-81.9748429,nominatim
652b619c0ef7593c987a0b034a464599a12d6bdbb2b0a9bf6859f39a7d8e5766,41.9910203,-87.7489423,nominatim
5f31090f9f914d2680ef2ee92a924a9b404526a77cb3d37478ac4ea4f5ab25ae,33.4074817,-82.6727199,nominatim
25b20c3549132a8bb7253ce1a9175fcf7de6dadd6318331394fb295e7c8c7e00,32.5404447,-82.903754,nominatim_city_fallback
6713a41ce23af3b4f66a004f2bcd56670aa674fb6be00245f0acd1c51939238b,34.7691867,-84.9702475,nominatim
7f3f9f045381531edfbd0a49228a52677e998d747285d49972b236cd0bc4628d,32.8772531,-85.183728,nominatim_city_fallback
a7b191bdfceeb391ad35140fba717d259f0025dd26741e3e84e40dade39153a0,32.149092,-81.1631681,nominatim_city_fallback
1a8f3fe8ea5e75e159c1579684b97de40247e12a27a41fe3243f3f7963f95c7f,32.1235368,-81.4856673,nominatim_city_fallback
bd750d591fed29e7dd4450ae61bfe356521306e890025eb0d62779aee013c89e,34.1307533,-83.1817407,nominatim_city_fallback
2eeccdb427dd82722bb75327b3c02f41fd38e936d31bec75bd68f3ce3b988df6,33.4514804,-82.0639635,nominatim
e641ca921182b0022e75167a3bd974f9e01fa5b8f1022788e2c9121f7d07e9a6,33.4709714,-81.9748429,nominatim_city_fallback
d7ef1c6a9d8748c2ffe25dde829b26086fe5232355d00ef0b31b0ddc39c896f8,32.1158983,-81.2495131,nominatim_city_fallback
de4930d0eb002793576f1ffd24d6f22c90eac403137c0c506df7f8ff90c76447,33.0898731,-82.0156736,nominatim
de4f157a789800a50566e0fd0e28166cf4983c1868e1a56b6da85f99e684a75a,32.1158983,-81.2495131,nominatim_city_fallback
1a1fad0c91fa1a91db9db9cd24461a5c2135067107fb3e5aa8a3530ad59d0979,34.2978794,-83.8240663,nominatim_city_fallback
1f8d3b83bc4f5b31209f52d81a59730caf089ea4bd15e2fa531a01e937b44141,31.5782062,-84.1556809,nominatim_city_fallback
4c05645233959644ecb030851b451a44b00a66ed4cf8dc4ee46662f9a4157bf5,31.7324556,-84.1711966,nominatim_city_fallback
4e338468534cf71029d646e4af5eb792ecce6df89ee2d4d68ddd70cbd49818b4,32.0790074,-81.0921335,nominatim
19f15caf72e0279994b6e562bb512051bf807dd2642d2fedcaa2d22dad59859b,34.257038,-85.1646726,nominatim_city_fallback
55b57067e28df4379b3ef0d55ea4f0dc4557249b817a4311a7db81578638039f,33.3254635,-83.6868559,nominatim
9e6019efac267fc9cf6f354ad670815a66d776579c23b927578a3ff79a06c07c,33.9597677,-83.376398,nominatim_city_fallback
1f75740ca8d371afe71e9ed39137fb6da8f8a9285f28e7170585c249833fbe74,32.5346273,-82.9073469,nominatim
9ad3a7d3c02f4a8f2cfb8a4d2348e141cb9e8d694aadafa1b4cdc12fa15a1766,32.5423872,-83.0704273,nominatim
17e75b1fe75be3e1aca17690cdaaa6847a6426dd6ba01ea30e761e9468bee52b,32.2960289,-81.2353905,nominatim
6ae29910c71752c88733c8d8b39a6aadec90210d4f92817e83b1a5ecc5b6874d,33.9328842,-83.7129958,nominatim
3b6c69eb7439cbbfd33a727baef842fc79b5f430badc5108999fe8eca71f1af6,33.0380388,-82.436141,nominatim_city_fallback
127cae325e9bc3f05f7d3c4337c9806a0fa778518466c0e62fe784fdc2882ce3,34.0659329,-84.6768796,nominatim_city_fallback
5715ab81bde7b4bfa9dc2ecbbb3f05af13c04d1b7dedccc70f72d08a70542f6e,32.3671237,-81.8840039,nominatim_city_fallback
532736c592be2a96a8c899752eb8993f31f259036e6e18daa0f3ccd57569168d,33.4145834,-82.3126237,nominatim_city_fallback
8755d39cf6db0e0ab49ecfaed004112e1ee5dc668338a1483cc8381fcca18706,33.039291,-85.0313269,nominatim_city_fallback
eb4db918f554f763094c4e8d8a5514a508b0807279a4817ccc694c7a1ffcb57d,32.397118,-82.0601196,nominatim_city_fallback
30df9bab53c9003ddc542e67fec0dec9ea5c60e643e2f99249ba45d3afedf009,32.149092,-81.1631681,nominatim_city_fallback
ab4d55aa2ea11e701718407a0413cbd9a797fd416d89d38c08cd6a57e8533612,31.2092475,-81.466676,nominatim
5e86357a52725a2aaafc3577276307e298926b46e46dd2f1c5dbefde5d372475,31.5782062,-84.1556809,nominatim
025aaaa9e14af623e0d45c38b309a2e45fc489112a190608ef5f1a4a95fc1aaa,32.3363045,-81.3914992,nominatim
c4724e4d2d982bf456f2f6dc9bd0fcc2e4d82b938a3694322321d8a5ce1d9c9e,32.5482221,-82.8718084,nominatim_city_fallback
a2ad7a76e58134e9e079f87ea1b0de7ad3931f80f5f58d2121f54d60c2b08d09,32.4496525,-81.783633,nominatim
52cf0700870204fc2f19fa516a3272b7b84a42bd94843921d5c7a652a6484ac3,33.0680364,-84.3440732,nominatim
a840dd384d8a80285c99fd8fed53c1a24a25fcc1b5b2034b831adbb0bb79aab8,32.3771182,-82.5923554,nominatim
1ea5b6d99a33798777b62e1098525f1effa76a8a9180229d8f5ce5f2d69632dc,32.2176855,-82.4134614,nominatim
e555ba9f7911314e9ecef0adbaba7f5fb80a4f71891098fccecb429ab84ec0f6,30.8895996,-84.5685091,nominatim
bb2523732630d31e260df0c9dda49c44f5b22013d30397bec97f36ff482bfc3b,34.0026005,-85.0416133,nominatim
7d3837e9b77e8e1c881a1f19d1b50318a1e5fb4f18b3faec0d6d579e65827852,32.4610708,-84.9880449,nominatim
d046fa709fa33282ee637584bf58bd83bba5c8afd3781b83507456bfd1999ef7,32.3054268,-84.7727027,nominatim_city_fallback
7bd8d59b7524e9f8eb066dbb071ba13b193cc79666d389c341eb34a784a5e2e0,30.8568023,-83.9463798,nominatim
50fe6acb62e65e09337c871affce452a185f9b8b5d36ec3324cba1275a2e7e6f,34.0862938,-84.9878581,nominatim_city_fallback
61ee66046799224d248527b6fbffce92d9e91f71a17a61957c532077d152d068,32.8088047,-81.9486611,nominatim
442a11f5d12a4123e40928752dd9865d9975424cd033465b8c4ab3be568fe430,31.292125,-82.2572485,nominatim
5cd7ac32994f03c14127338e2a90e6e00290305113dab212b4859f6a1911c4ba,31.0404625,-84.8790911,nominatim
2542dc33eb2780ab5e34a0f54b791ea75c602e378449eb4c32dcb3abc79cd4cb,32.1677458,-81.1957138,nominatim
dd247fe2d19fee75944c3a6e3a078757b7811df25ef07d430a0a290b8dc713e4,32.1324249,-81.2990018,nominatim_city_fallback
d9f393c898c6d73c1be28a084ff5a58e32182f57f876ff93eb73e82a1e1e1c19,34.4212053,-84.1190804,nominatim
4825e4949546660540b8b387ef8c4a5b11d51cae0beaf55f2a61664893039ec2,32.1324249,-81.2990018,nominatim_city_fallback
ea5d2a039935e7d9434a712e664f00b44293868e4ae682041576a2b2934802ab,31.7707324,-84.4484489,nominatim
2a4a061993ee8f4007ddfb9f945beeeb11c8c763c6e491b4ac968ce2557c7a2f,32.8406946,-83.6324022,nominatim_city_fallback
8a15bf041924c0a191539c692aea86ff81acc8469cfbf1e30054f062a119cbe7,33.4663248,-82.5026089,nominatim_city_fallback
14e148095033ab944c5e6a4e42f12e246fcfaf322e1e7b4e86e56be042e420d5,32.8772531,-85.183728,nominatim
0c10b43ad45cc3298078fcfb47ac344f82b1aa1db28c89408587b5b3c1c1faed,30.8305818,-82.0097846,nominatim
c228143d929a6d0391c1c4c5a1133d6dbca9dbe325e67455fce3eca372f1b9e3,32.4938289,-82.9630253,nominatim
a251197e34765159a145706a8d8cc171ea90df29c691f06226de4d3723a2f4d6,33.4663248,-82.5026089,nominatim_city_fallback
01726d63885086f10e1061ce5fc72bc2f4d7cb4ee308f45281cb0a964b44ec46,33.6101096,-84.287978,nominatim_city_fallback
d22f1e36e1b3e00a5550cfbe64e6b53bb01f9326684638a1ea3ca86dbd69cc12,34.2483831,-84.7715807,nominatim
9015d612fd915cdd7fe0220ab252ac6a5c6a2328382796dbaa6373c5acf407e0,33.2467807,-84.2640904,nominatim
1a2d1b3995689fd940d5f07c2aac057f3789dcec75cba5c09fd273cfcfb9d9d2,30.8365815,-83.9787808,nominatim
3da36a4b9fa2844a5cd80e59ed131401870a2ac4da9ca64aac9a1ae2cc614100,31.6743474,-83.6373903,nominatim_city_fallback
6f1126636691d54585d1e20f0b993b9cc0f701aab3ac82ac8eb118adbef2da51,30.8879549,-84.5658392,nominatim
49609c3b6b32d8dc9031abb629254d970bbbba34cfd5d1aadfda1aaa9f9f453e,32.136002,-81.3106951,nominatim
d78dd3b8c06f956ad22bc5ec1d916e4735fcccdb41885a241c858a86c67fa5ef,33.7123305,-84.1051939,nominatim_city_fallback
19bee961f18accebd83fdcf53b8a23a35cbebf26eb8827c0fca6b0e770a17ddf,33.3140311,-82.0967857,nominatim
40f64abb800e464c5c82021b44b147d89e610a22e347cb2a315de1bbd5eef51e,33.1731769,-84.914936,nominatim_city_fallback
48d7bd94d2cd9a410a365614dfc332042d7466c493eff482b374016f419dab25,32.4331497,-81.7614844,nominatim
59b044c1e9efee065ff4b1029709104ae6ee126a7b2c86f535df1b9076b92476,33.4685461,-82.0701536,nominatim
b121f33e08138d572373e13fead70804f6c222a17b1863d200329deab89897ff,33.3855884,-84.3050339,nominatim
6acb712c73aac35906fc0e7cd912f77fb2d6d16ab396db55dfeaa9f08250fd9e,33.4490906,-82.1938504,nominatim
bce067ebecc7ab29f851a70a022bd9b2142ff0cfc9c64b6a89f16190eab51b0f,32.5404447,-82.903754,nominatim_city_fallback
69546ede35534f0176ca3b40dab37b879dab0fbc19e9ab626c64f3df186ab5e1,32.1235368,-81.4856673,nominatim_city_fallback
fafd579df6f18c3dc4708611891b270a8d2456ef89ef595ecb57d17406ac1d8f,33.5756831,-83.1823789,nominatim_city_fallback
3e69aaf9e903484145f802e4f32dba2735a6926133ab933eaa62b44facc9be1b,32.792,-115.563051,nominatim_city_fallback
79a3004bc77dba33bc44ab2320f5873af4881994a5c5c49e7fa8888e404f6ce9,32.6713154,-115.4927113,nominatim
ac96310eee0175958544c0715296ba29d8b4724de7f8bc6c7ea4c770f99f53cd,33.6275782,-116.1250453,nominatim_city_fallback
e3d6372d63d315607a494cbe654c4c2c0c0c3f8598ef8ec99bb704ec8e12d5bc,32.9786566,-115.530267,nominatim
2670f92f50e2b602155770e55a8831fd899d5e4bd7b8c79f86ff337f2d46e90d,33.0372674,-115.621381,nominatim_city_fallback
0923a0fef5571a74b5beb8b5a5a06c41fb9d05b748893dc5733868cac66e1381,32.792,-115.563051,nominatim_city_fallback
92a7b1533a73aafc32a8c2a5a8d99e1696a2285eb18c091e9fb855055dc670a9,32.6302081,-116.1750008,nominatim_city_fallback
2f60c0b0508abd9c266fe292be95dda99c4bd6455d6e1866bfa904ed27dd6536,30.3262247,-81.6579179,nominatim_city_fallback
999b4c5bdb616696bc3277e34c89017f50a5a8981d137be5dee65d1ae2096f42,29.9032284,-81.4145468,nominatim_city_fallback
7fe3f01769cc23f721582eef27bef9a39d6429f587078ebb283360f91f248e17,29.9032284,-81.4145468,nominatim_city_fallback
db47b5a73561db8642682155b75b121818c23d3759565294014e0cfbaf2fe92a,30.3262247,-81.6579179,nominatim_city_fallback
028d37ce2dedb68068bafab9e42633d21a05008c9aac71daf24e5c055dc9f482,30.3262247,-81.6579179,nominatim_city_fallback
148ea2fe1735ff05a7cf3c61dbb77e822309ae8af9fe532d4497ec0be6be5b57,30.3262247,-81.6579179,nominatim_city_fallback
bdb36d6618b4705c6e1513f486a40b17c05755cde196f23495bf346aff4c99f5,30.2032618,-82.6403437,nominatim
8cc13af46445db5f5095fdbd0dfaecc397d23ee738936b5180b5b89aa5f24ef4,30.7743596,-85.2268735,nominatim_city_fallback
4c7dbc6af5fa30a4e2a20793ce8e216bcad9659a365f9bcb03d7efbfc546693d,27.3923408,-80.8873655,nominatim_city_fallback
8d3987960b40a57fe8f3332bc723000afd865daf356d904b97038d1768518dc9,27.9091909,-81.7914213,nominatim
5b91254665f4abb5eaa93c911eac74220946f37fc2bf44ed5a52a8862d5a4baf,27.9091909,-81.7914213,nominatim
ad53eb76573165d97351f3ee5480cb67e1f6a06d64d435a3d3bb15a411a860ba,30.3262247,-81.6579179,nominatim_city_fallback
8999aaf43cc21764a30cf878af8ed08116a165ed9c6e77855e0b5115642dc28e,30.2961892,-82.9842885,nominatim_city_fallback
f09f11838e93639284179563b43fba8dbd3c5e84aec9e4ced08d00e822e4cc72,28.1825147,-81.8239676,nominatim_city_fallback
3a4e6e952e9f2757d3fdc336e9da14d0ea0da87d3aabd75fbb1645699bc3b9e9,28.1825147,-81.8239676,nominatim_city_fallback
ce3c96b44749f5ee9f5c3f8c5b51d2ae442833f3689a2da647293242a4e7482c,26.2378597,-80.1247667,nominatim_city_fallback
5abde097c93ec8b210dd4a377623b6f23d9cdf0fcc2c38a4bb573aa11a73f8c5,28.5421218,-81.379045,nominatim_city_fallback
d844e781340d215e86af5d5aa536faa5dded53c119bbd721c647aba5e2b81d83,30.1894252,-82.6394803,nominatim_city_fallback
aa58aa8cb4478c942a589a68fe6b6b4acbcbb68c3a995d45a05cd303ad05897c,27.2930999,-81.3628502,nominatim_city_fallback
3a75735d71c2a6347e668eda906a3c4ef7c1e90ecf1bc787217e52180b3505d3,30.2821807,-82.1220569,nominatim_city_fallback
ee61b0783c8293dde6aa83828fad232d0c04056fec5295f9c6740cd9ccdb1797,25.7663236,-80.1963423,nominatim
b03e9720d62cec36c093878d1391d7f349b2ba49fd91259df1616113425b1634,29.1871986,-82.1400923,nominatim_city_fallback
bc9eb91280b32c3dd5e42dfc6f8bf79753085a978a9b9e513f13744cde927ac5,28.3556635,-80.7325345,nominatim_city_fallback
f02b216ac79fde530eeec25d18ac4d9c43ce5d78c53f7f8a87c86ed3f819568d,30.1174351,-83.5818147,nominatim_city_fallback
bc1ee42f52744c9ffcfd7a7cf4b001dcd96507ad61a77014a11754b2218a5027,25.8267775,-80.2814009,nominatim_city_fallback
d2483e548876d25d55d37fe11468f47c0b85ea487f89a0bac51b3b041146d846,27.4957453,-81.4410425,nominatim_city_fallback
7a710847736198f3ca28ccf4c450838a9ce350d50c3dbdc9dfeaacd02a2f1283,30.3643628,-85.4382568,nominatim_city_fallback
fdb27fe1511f3b8d086088266094f71440963cbfdfb41ab224c87244e9cc4cac,27.6387163,-80.3975399,nominatim_city_fallback
461b21afd03b0abb8367d0127cbde57cb732a17db860d8195f291b1bdb8ffd7c,30.3262247,-81.6579179,nominatim_city_fallback
60aafa19d2734a360d51349e33a4fa7724f7d1a8a7ea562b88afcd6a570f7e61,30.3262247,-81.6579179,nominatim_city_fallback
80577d0ff5ef001985641870b762d45186ab66bd99e8f1dd1664342b58916130,27.9449854,-82.4583107,nominatim_city_fallback
728779363b5ab33021d223c95173dddf87aa36eb7b986e8b217b3576943c19ce,27.9946969,-80.6366144,nominatim_city_fallback
a78d7ae500ea828809eab9f78b6e9edc4f3ad71bb2541714b2f84dd9071801b8,30.7743596,-85.2268735,nominatim_city_fallback
01ef06e36851c9306cb6a5ecbb9185a2c597a56289f164d54c64904198d44e2b,30.4954759,-84.4543513,nominatim_city_fallback
c19ef6e56a551e9c099ecd4e00f923618592e6bc7db9568cea3f4ba2da70af73,27.4467056,-80.3256056,nominatim_city_fallback
024cd623296a577c8e85d371b047df957f15edf7ea0897e3eb76310e6ac2fb9c,28.6954297,-81.5604497,nominatim
f3840b51b4de99f902fe32c89c19288dfda09c0b911e6a3cf96eccb3985e1dc5,29.7142785,-81.5182423,nominatim
57299f7b6780dd19aed30aaa0797cb23494cf3ae45752d2f0ede10792d6862da,29.6487882,-81.6372111,nominatim_city_fallback
3da6d2067e1a0b8545e80838ef3731bb00257f7b086add7738ce34b5fcbf32f5,27.4467056,-80.3256056,nominatim_city_fallback
4e7889cd3d6fa77af16d0d51cb3fb74651653374c658e8b5c4c1c24b0b53dc23,27.4467056,-80.3256056,nominatim_city_fallback
d8ef7a6a7658650d3b3147c89970bf4a53d40bcfc0ce8e2b7c64054f44d044f2,27.9836329,-82.2756468,nominatim_city_fallback
5176e932258c55c083fddabc4967dc53aaecd5144ee9a1483ee0828c91c1b6ab,26.5272084,-81.7575152,nominatim
e28cd6ac443455a3dc4cc18ac40cb3b954c976f03deb1915d087990e5357c0dd,28.2918995,-81.4075838,nominatim_city_fallback
f0565e8991e86119fcb843736896b22c010aa2b002e82a30ed836d3808c92850,30.4954759,-84.4543513,nominatim_city_fallback
7270e24f0435f20cc5c3d44fc90346d631a7fe6dad51534c1dc240fdd9c0e407,30.4954759,-84.4543513,nominatim_city_fallback
aefda1c2f25bb857ba56f27376dd614d3673cf91622476cc4512d3c012821283,26.5289139,-80.058141,nominatim_city_fallback
ca536760fed7440e00615da4d7ece57f2919539ca8c095e1fe0c1fd2c88d884a,29.9549581,-82.9301742,nominatim
283527a5ae5659ca69de5fc82ea8981f8a9397562b3de1d5a822fdc2ad7201d4,28.5552719,-82.3878709,nominatim
42524cd741b163e2c89c32effb58ba45f6d0abff794e5cdca9790e48bcd02300,25.7741566,-80.1935973,nominatim
ace06e237370e8819892c814de68490088386fbd743fb599b929d2812a07cb9f,25.7741566,-80.1935973,nominatim
39514e7f47f8eb2dbacb2ab46a3923e6f02f11e2c386ce4997399d976d15c9bf,30.0688512,-81.8603778,nominatim
3c15a77d9d1ff1b877f5c7d1aab1b98d172e1ede0a2ec259960f944ea465bb41,28.5421218,-81.379045,nominatim_city_fallback
a17b340ed0f4326facc671a80e4c01d7ac548cea498f7c41248109ec834a6ae9,26.7981326,-80.1346577,nominatim
2e0647234da5ae914cdd42774817d431bd92e72cdeb3fd46ca735abd1ff68502,27.9449854,-82.4583107,nominatim_city_fallback
b47a001e1be43ae2e2f15e4d07a7351dc400144540bb5bedc54c93213ddeb032,27.9815082,-82.4468452,nominatim
a83d29bc616d16f1607738eed64e6a8dfc0e448a9047271590d33105e8041644,28.3647248,-82.1959178,nominatim_city_fallback
16068559a03dcef7a94bc94e47da8174509545dedd759cea5b3c4ac229a2a5fa,29.8946952,-81.3145395,nominatim_city_fallback
b53513393e833455b9fadcd335e8983d7731674b0d81abba7d7d4ff5e9c53149,27.9836329,-82.2756468,nominatim_city_fallback
9a8556cc68931bc29ae0808a5e53248702664cd7c0c4ca962e8d48ecdee23e3c,30.421309,-87.2169149,nominatim_city_fallback
40bab7ab4e456ce1181c99de2582fbd7627c1103dfce45e36d996c97cad5e8e3,30.421309,-87.2169149,nominatim_city_fallback
0a5c62326902738aca295bd79d20138bc454a8bd45e36f49cf71acd23529ce47,25.7741566,-80.1935973,nominatim_city_fallback
4cc609aded0a435c5f60d1f47644ddc03af3090c67297c1a6cc44754602c1bd5,27.9449854,-82.4583107,nominatim
fc1d039e0ade118b812567dccba3d94510f61558d4f52294a6e0e5dc9c52a744,26.6639559,-80.7161701,nominatim_city_fallback
86c41ef614f4d6beb264619f71d84da0103d10434b171f595d23c7704a959878,25.8086057,-80.2562136,nominatim
a4d9c3a77632246259156ad65b3bd100c4ffd62b6120baa635323134d0b3988c,28.01633,-82.1234803,nominatim_city_fallback
af4cb358f7de3c8c57ec139d5dd63c202bfeeb7445594f23f6eaadac721c489c,30.6324149,-87.0396881,nominatim_city_fallback
859cb8409cadffcc9f94c2ce791bc9607e0b22dbe8aeff53538f0579ebedad8a,28.5421218,-81.379045,nominatim_city_fallback
5362c564c27e2f59e565b6c7303e5840ad861591612c13852cc16e6e1e0eed35,30.3262247,-81.6579179,nominatim
61e7013c6b1b47eb903ef7292c71deb8ab614b59469cfceef9edd8b7cf73db23,27.4957453,-81.4410425,nominatim
8b0c3a9ee582b33941e6c29837575e12b15129579d5ee0866ff67221af618d6a,29.2854132,-81.0557921,nominatim_city_fallback
f42d575db43b4460959af4cb5744149d87fe1fc8f5eaa7363c4b9e7adac77c59,28.0394654,-81.9498042,nominatim_city_fallback
6a41ed7dbf3247be875c6502242a1768264bf931b71bd2a166ee6d8ff9cc14c4,26.5999265,-81.8823135,nominatim_city_fallback
b4410a89e4156e7ce768006f7184d71b5ae902ee4e5daf4f5c2439c1629c3c44,30.4514352,-83.4524524,nominatim_city_fallback
454f24c341d9f286845005bde54436f5bc4da17c69e76b586dcf8b9e3a29f801,26.1223084,-80.1433786,nominatim_city_fallback
ced76776e7c6ed9935b767fd83c4d27bb387aa21c7a3573d521ccee20f262ec7,28.1067315,-81.6287423,nominatim
39b8e594a96a32abb2053714e5c4f0921fc07bab176361e207dfcb8bc5a8a720,30.7971363,-85.3765965,nominatim_city_fallback
71524a7422dfaf84fbdeef0420588d89081daacf7d7a4b67a4762a36d6ceb1b0,29.6519684,-82.3249846,nominatim
ee95b1deb2e170f7277af9e28acbadd7a76b1373a2f7fe80bd829bde7d3af879,28.2144905,-82.4455929,nominatim_city_fallback
280c852e6d2ad5ae92cbbe1cfa885dbd654648482910f36346cbfa1c8360560a,28.030419,-82.7091007,nominatim
ac84172a29f13d465e0be6343a19b6a0df794b70429f348186950680e71d6d69,30.3262247,-81.6579179,nominatim_city_fallback
05e32fbf38bb6790f9ad14cf2bfb266d9471913a5abd1cbc4919e26083242049,25.9023168,-80.2503271,nominatim_city_fallback
23a464b69a0978334fb33dc206a7b726e65e5ae245d274c14c908a68dc9eefd2,28.810823,-81.8778582,nominatim
67f1efff0bd1cfc5b376fb37d49252522f84cd3ecb2ba53d0a30cb82ddba8489,28.0145384,-82.1509394,nominatim
d7d11b30fa3bec61b42d5f942ed4044014f8dccc16722f897d38970ce9e7a39e,30.1586518,-85.6602936,nominatim_city_fallback
11df42a327e1e2ef47616fcdf22be291ef3d69140e4b75d803292ce750bac9f4,28.6115035,-82.0562065,nominatim
ba559176f4b3ac2194ec64e85a84d4fb23010fd44e0557aaba06c8f5dd949117,30.6324149,-87.0396881,nominatim_city_fallback
33175de3ac22108723bb8955ef3d5ac875940c9ee83d43943125d5c470394a41,25.8181453,-80.274209,nominatim
43ad05c7e9a4d62d1604a09d3d263f5fa9f81ee80e008f408749c4477540f14f,25.7741566,-80.1935973,nominatim_city_fallback
c80d9623fd587e2af79ba7f6937c0184aa08cf95760bac5fc29b22c6ef1b032d,30.2821807,-82.1220569,nominatim_city_fallback
af29c30368444dd662d01d9a3c91a99bc554b89ff3f0ba7ed0e414cc3db1f27b,26.933879,-80.1064459,nominatim
eaa5943dadd04968fa097fddbbef61e971a3dcec1ddf9d08dd19f91d6517ed55,30.3774792,-83.813686,nominatim_city_fallback
03a0ff049b27b3e7e112ac4215a65d7d25887d61ade64936e9166ddc72aa446c,25.4815315,-80.4774727,nominatim
af5c3c5dadd49a3d8a43b89b09c0368a38fda002b233588dcccd564edd76f737,29.7896882,-82.1673248,nominatim
f34dc500b35d6ca8f9172ab058b7ce7213f9c9cef1418bce7ceeddd3c95852ce,27.4467056,-80.3256056,nominatim_city_fallback
71410a58834f7b710e84ae1ca408b5320ae5cefd0743ff3af6a5b9ed13b453e8,30.7210227,-86.1152184,nominatim_city_fallback
7b31f32ff058ca07e5c679e4bc3417fec5a8b792c68bc86c80a224c88c85a9ab,30.4380832,-84.2809332,nominatim_city_fallback
07d09554e8de9f779876500b89d652708d0b156af521f703d2c0574eefd7d045,27.5214269,-82.5723193,nominatim_city_fallback
8bd4cda4c0df7d7d901764a34f30f0fbef4927d923e98b0bd94d6eea1fd27534,30.3262247,-81.6579179,nominatim_city_fallback
1c25da558c6b5754d85805b3bbde7e7cf8bd45c1c4be589f59c20f4d80f64c85,28.1614046,-81.6017417,nominatim
9936c79bc77123c70dab840416567549c8e97f698823064ee954471a70aadf50,26.6639559,-80.7161701,nominatim
8b04ad1fb6a17b98a804195c310462141e236fe03e17932a929f592d1b7b4f7b,29.5918856,-82.0869578,nominatim
87404c606914115a11e7e7d174ee326a2ae4d90e24b91c24670af5e2e88c9426,26.8333679,-81.0939125,nominatim
a2a93f878389fc444e6b07b5d38f8ae1070b0fedd6b65e55777df8b5f6706d4c,28.3556635,-80.7325345,nominatim_city_fallback
c13f75cc95787f644633da2d2d9ed877eb71b9f8e778089ff8057583c9faacd3,25.7741566,-80.1935973,nominatim
8fbbfb5081beda88cb35724c8f64da5999d2f3f7096250ddb7d55ddd4661cd68,30.3262247,-81.6579179,nominatim_city_fallback
82813a98f727224095afe33ca964f7d982438deadc2429047128d346d9ddbd04,27.9014133,-81.5859099,nominatim
f0d9b850204a56446fe7f8bc50773355a3b0f38226b658a4c8fba29b9065874b,29.8946952,-81.3145395,nominatim
61597a7bfca9477bfa8fa231635d545e9ae8975948bae63aa5f06e054acd7391,30.6320594,-81.6012807,nominatim
8a0d89f5de7779c2753e5b009f4f0ef2cb3e8fe386ce9f57820f20c8e7965fc8,28.0394654,-81.9498042,nominatim_city_fallback
eccfbf3d255bfc06ae4ce2d7a7b6da48d872d53e2d780221ca79e2b375d9e8e5,28.1614046,-81.6017417,nominatim_city_fallback
d322bf748a0c93de6a8c3f7513ec7ea5120f44ac93513de1749c522b879fa5f0,28.0394654,-81.9498042,nominatim_city_fallback
0aac8b286d6371b603d5f175196bf1373ac309f992a9df5e96c2cd1715ca555b,28.9962389,-82.0413151,nominatim
268f8c1852722dab0e495af7b1d8e3e57712d173503ee408454ffe35bae99803,28.683293,-80.8457402,nominatim_city_fallback
51484fdd990c1942b92f53027c0a9267d6c132cb3dc1739c68ffe6584fb40923,26.7223233,-81.437587,nominatim
7f87f2a354c68d8e4ba929dea3836572894763d645510c452c1ba9d2a9a4d026,30.6324149,-87.0396881,nominatim_city_fallback
5ac5238dacb3246cdb7e4bc098cdc6a43302296627196bd35c90a054fafa31f4,28.5421218,-81.379045,nominatim_city_fallback
4d5344aad2aea9b80f7dfdb99add26f1e52e67f6cb186cb67ea2831908b15f72,27.9449854,-82.4583107,nominatim
5b10a3460a7023f7bfa785e419eb3e878fa21f0a38ea4fedfaae825840fec34c,27.9014133,-81.5859099,nominatim_city_fallback
4750bae86effa9d031a8f88ae1d04d20dff67f0ddd2eb22fa34c886e9231e699,30.6320594,-81.6012807,nominatim_city_fallback
1d102aba8fe3f264acbb7bb50eb01bd1edb9f4b67785ddd215dc7c8162e83c06,29.5059603,-82.8730012,nominatim
c0fcd096acb558de7db04dcc493e0bb96dacbe647f5916769db64d196641a639,30.1174351,-83.5818147,nominatim_city_fallback
0ec4bdb550146a26b2b52102a5e0389a2fb4ee0e0e8f202f3e4425ded17f8571,28.0394654,-81.9498042,nominatim
ec2baa3d3df1ba962f63c0697fde1b28034933c195f0a4f25f70398aba9a2db3,27.2437907,-80.8233948,nominatim
969d53e23610cf8be70922890a3a89e35af35b56fc99cf871a03762bb8695273,28.8268794,-82.5001564,nominatim
85280e054ae6a2f85905e444c9026f28200a466bc32001d9003632c9a6bb1a3a,27.4933481,-82.5628352,nominatim
ccfaadb2e1c931e443ed52850351061ba13d111e7b7a9a01adba41fe79cc2f62,25.8500932,-80.1862429,nominatim
f943534b70cfe5e785fc79aded05c0dce68afb4ae6e8badb806c00598121c18a,30.7124146,-85.0202017,nominatim
08513de43f6905ca354226ed96100d1ce1118620e28e49955ac01065c5844e07,30.3262247,-81.6579179,nominatim_city_fallback
0ede2d6ca25627b62854fde151d8f94f8a8a8ea5f4ff12f7d2245960dc9e2370,28.5656649,-81.5856742,nominatim
73fd8349c30d40eede1eaa3e87a5dcc82a2bfe96aa683f5e1a51cd4addfde0b5,27.9964185,-81.9991953,nominatim
e33f3f49d004cac20484eeb77977a644ea9377634b7cd4fba4806931d4713ff9,26.4008559,-81.3890679,nominatim
47f7b74a484543f98c013e8d15a821cbf020db3dea4261f27fd7aa39b0568929,27.1186349,-82.4511757,nominatim
022f8054764169d391ad3e6077469df57d9bb79e7ee48c63ccfe33f9d195762a,30.386585,-84.7979694,nominatim
fb8a707f21b05fe613eff4c87e32b752a6e5a14328d2b413b2e3afa3177dcfaa,30.4435293,-85.0451953,nominatim
21b4d647025dec1989cda751f26f5a31a034a42c5f0f9284e0d2be7fa8ac6f10,30.0531082,-82.0688878,nominatim
1bda6bedb1c9e751c43735bc142d7927f7ce730a5a8aa014ca6d4f55ffce50c5,30.1396324,-82.9440642,nominatim
cce2e9219a629399d6d5fb6dd065de0d188e9961f120b06056e99ba1cee208e9,30.0227391,-82.3395574,nominatim
32cec5dedcbf86b53766a2708b972875cc382832cbe27493723c54890e3058fc,30.7743596,-85.2268735,nominatim
26cbe2c0791072a32f8df05fcfb56f56be6703dabca1c29a1b2b0c845012ab1f,27.2436901,-80.8277356,nominatim
64cd38bb80771c679492a1608eda0f8439047d84e7ff492ce710f405d69ce74c,28.3890811,-82.6696376,nominatim
a8875eb6d57031ec2cfdde41b817e01a3fcc5182b9514f808c91becddfec787d,25.7741566,-80.1935973,nominatim
c83a4edb066050d0082c19bced98afefd33f95a55b7e57859db18ab7af39af42,30.1824481,-85.6507486,nominatim
18a5822d2dd774d21e9a17a9c52430ba910349d2b9be6f1f8bd27314574e8875,24.7102542,-81.0980853,nominatim
449e9bdbdccade400ecd5e6ad9abeb96d67b10cfb56151e82393207177231c27,30.5590478,-81.8338686,nominatim
a996d397ec462b7a45230b7d29b1ea85946e903f853484b2082d26577534e974,27.9025006,-81.586807,nominatim
c467b529ff925cd93b08dcd744acff38046b703406aefc5729c7bf43a4abed06,25.7847774,-80.2641728,nominatim
0b4f7d8ad13b5a08886da7e681cb6e852ce08985c1c2ba3409afbf99982b0e5f,26.7615384,-81.4385828,nominatim
6f145513583ec2f1cb7624373f6cd37778eef6d0fa94443d2edf0ea2ab910bcc,30.7865703,-86.6836166,nominatim
13f4f871d0d33f4b7ee144b723bb4518cfdaf986a0a31f9cda0630aacdf25647,29.8946952,-81.3145395,nominatim_city_fallback
ee554220b0ba1d01eaaac96c262605ae67bf09f8dde34f0d0fdde2eab687f48b,27.6379912,-80.380581,nominatim
6a51df40b83e600f2ff55e1de057457723f1321d54b80b79ee64e73c4a5de1df,29.2393293,-81.4652728,nominatim
104170f276ad9a8c652847b1d362f7ca6a89b652688cb1464a817aae66c658bc,28.6644827,-82.1117399,nominatim
46c41584c0d14a429940957345f0090a39500a117e155e7c716f6540f59a5a37,30.1894252,-82.6394803,nominatim_city_fallback
c7da7976409f1b0d3531b487aa4fcbdc849d40becb0fa74d9f7b2304cc74f962,28.5783313,-81.8867452,nominatim
5689258f8b914b8d5977dcf4467661a69bac206ddc89119aa260fb936c7f4bca,39.5347691,-119.7552534,nominatim_city_fallback
2688e298046d4d6b8efdcea30d6ac47e8a27e983b677e8bef706e9f1ffbec8d7,40.1801273,-118.4747268,nominatim_city_fallback
7a524d8f6df6eb28c8e6837883fc85cf512adbcd5938bf0073e31302bc5946ab,35.7788568,-115.3243823,nominatim_city_fallback
06813cb69b0d49a04ff8b932e1724cbdd4e050059c2b6b47d633959592dda1f5,40.6336532,-116.9539637,nominatim_city_fallback
56ec18644ed2fb99bd9927c9e7e1b4f87bfba1e16e00f5ad5da4e529c33966d7,39.5347691,-119.7552534,nominatim_city_fallback
4de93354fc02af7d8714bb86e3f9e1ed0916693e2994c48c1b0fe113eecc7eed,39.5347691,-119.7552534,nominatim_city_fallback
ced903a5499585883091f565da1ec55c55a8ef31353a9c66bdd3036be58fa392,35.7788568,-115.3243823,nominatim_city_fallback
b7765e02177348b65a0d75833d9d7095a2ba3f7e996c09391008d90e813bdd6d,36.1674263,-115.1484131,nominatim_city_fallback
3b4dc0a0cd58e3c9c8592ba544051da938454916290c3626b33680012da89c04,36.1674263,-115.1484131,nominatim_city_fallback
c5b27be8baa0f405290a3b25dd2a20cbfc1230f098988166f0579404f8d30359,40.713059,-116.1070877,nominatim_city_fallback
15d9e36fb6e13e7809ccaa8529e2fde03ca48b82b19816748521b6e8178a0df5,40.6581551,-118.147358,nominatim_city_fallback
f12630b7d595bf496a8d8ebd246619394d43ee45a3e21f798fe3f093df8626d5,36.2005191,-115.1214745,nominatim_city_fallback
a7b70254183c79fc8547e5a30e5388bd8ce6d9c084101f55f1460c28710876f1,40.9724295,-117.734802,nominatim_city_fallback
2584f8420ece31f07ad8eb871e2beb6efbd8b0aa1aa8531d88c0c77293dec366,40.9724295,-117.734802,nominatim_city_fallback
ccd403847148d36e97f2dac7f43cc7fd195978814a32200b73b224ec9155e202,41.1107264,-114.963144,nominatim_city_fallback
fad3369c6e77e71b96a8b52cb1be9832c268e4c34c11d5a87ac591beddfd3c17,39.6078829,-119.2506489,nominatim_city_fallback
6929fb7129912b5d64583b079696e536d1a6e92f03a64a2d0c6ee371747d2b7a,36.2005191,-115.1214745,nominatim_city_fallback
96dfea11452d932fbee910f9c727eced7425c129f812889e380af2c8888a4d56,39.6078829,-119.2506489,nominatim_city_fallback
d715ad851edf6d55ebb57fbb5aa7e56203a164193724d97fb8da969f01db3cb8,40.7409656,-114.0751726,nominatim_city_fallback
e8dd621e1e1baf7ea42dcf17b3021038f31c12656d82630197d7f6bca68b6c6b,40.7409656,-114.0751726,nominatim_city_fallback
926651f2fe9a88f8df25c93fd29dc1768cb4fdf9cb0443c3e8022ffcfdb70953,36.1674263,-115.1484131,nominatim_city_fallback
75f5989a3b45577fd413f30dc658e7f73e8e1c809d733814c10cf2ef1d91ccd1,38.5365526,-118.6310474,nominatim
529ed34b77682c50be0c3d2390e5540d4d319b8d99dd6bd278051e0c9ad02c1d,35.481282,-114.9195834,nominatim
15164f017e8fcc17e140090a58955da7daf74943b7ba7ab3e105b259d229dd01,39.6078829,-119.2506489,nominatim_city_fallback
bf6bca263dd333799e14dad00be86269fbe9021200f2da1cd02de8ee0747c8b7,41.1107264,-114.963144,nominatim_city_fallback
8b65a3b1ad599b304f56d2bf66393e07c38e33258aab1e04741ab7ddf73f1f26,36.75295,-114.648614,nominatim_city_fallback
afaf83d9c222640734736c28c53316fa55186d43e8a8ae51e06542caf1bc9692,41.1107264,-114.963144,nominatim_city_fallback
2f23a881e60f10e20c689fb4088df645a3c4e309a4a7af31d1e88491357987de,40.9724295,-117.734802,nominatim_city_fallback
2a4b5ca950c1a7dbd4c1a15013c741ba96959d22f0bfb237c26a2846911a10c1,39.5347691,-119.7552534,nominatim_city_fallback
8bf3afcb236468d775205e6e6a6649766dd5404c6e90d51c236825c58d7f452d,36.1674263,-115.1484131,nominatim_city_fallback
14f9e21126e2a811b4bda03e091c14e45a2bab1540f4349cbd01356d12bb1659,39.474897,-118.7626538,nominatim
ccb23c6f0da2e61e2a928c648b0fc925e97f102c225b697efcdb2f9821aec752,39.5261788,-119.812658,nominatim_city_fallback
a57a2c1405aefabbaa4597f0ca6b8cd33f76bb7d4721d8ca8bc23e3081678065,40.1801273,-118.4747268,nominatim_city_fallback
d7ded0863338e4e6f7dc7fbe59c4dde1de42f8f5daabec02fb378189d5364067,40.6336532,-116.9539637,nominatim_city_fallback
e2b864c4b58bf895d5a42ecbc7d5c37062536521153f4a9f2c5b0a7d3190105e,39.5261788,-119.812658,nominatim_city_fallback
d7e3c7210d01154206b7b99f26daa16bf9eee527bede1bfc6fd12cf2b207ead1,38.5254201,-118.6269769,nominatim_city_fallback
7d5ada491ec84db62e10d144d2f6684e98cc2421c7c81def7f6d947819cf23b4,39.1663259,-119.7670374,nominatim_city_fallback
d7bd66a7ebf3cd73298f6149684e9e38b3e96c0f539f8ddf0a4111a58931bf34,41.1107264,-114.963144,nominatim_city_fallback
1ba5b6bc975dc655964734612c86e0ef6fbcab30234b84cbee7cdabb8a232bf4,39.2480588,-114.891718,nominatim_city_fallback
47d700b0e39fe2fa76e1927250a046b666c2d92fbfe2eeb67a7a8631993929eb,38.9393795,-119.7449509,nominatim
257a17b1362322f64f2a818f8d67bf7009923818578961c618777bb1ed4e336b,39.5277326,-119.7767055,nominatim
b4cc05f7d90bbbb91c1fcf2d668a8e47460ef2650bdb706658780dffcee3d957,39.5277326,-119.7767055,nominatim
673addd129593945b672306e6772fd2ba07a87ee52a51612bc4a1e39c97dcdac,36.0319602,-114.9822716,nominatim_city_fallback
fdc537ea5e6cdfaa5eb304ebcdabf762da7c2f3b0fc54ec20f1db589a73e2295,38.9609183,-119.7786084,nominatim
f0d36003f6f60b5885d0af4376d266ea3fad99a3b061b36925a7d7d973f10326,36.8016053,-114.1106877,nominatim
ede3df2cd326c0bf8c58067543ca636a68b5303d4e114c7b6102901a3ea7c16d,41.1958128,-115.3272864,nominatim
73c748a04216764d32ee82563efd57dff5a18f4e23a9145ca41def1ccc64b97e,39.1663259,-119.7670374,nominatim
e0aa953cfa73146a88b18fb4785ba0f6decab7c9174fdf7f23b3f714918d3fb6,39.1663259,-119.7670374,nominatim
baf749f52895617cc61bb195fe5a2f06c6f1c01b85eee7567e79648e37484973,39.1663259,-119.7670374,nominatim
b286d5ec46c6eeffbe7b304a101bd817b062e8bd70bda87c90ae7fe08b057973,40.979129,-117.7317933,nominatim
3d18fed2e06f99c7eb11fb764eb28ed16ff5941c240c3d3631265d616f62ced0,39.482536,-119.7913036,nominatim
910fa8f221243dcd41e6599d1975c5074340198be475d347693291ee7d412d06,39.5347691,-119.7552534,nominatim_city_fallback
0eb97fa3e1b9f2537eae34815a23e4741e17c0fc5141f10e1ea3090851f9ba16,39.1472453,-119.7461553,nominatim
cdd77ebcb9bcdf057ce4463a0965c0d1b98dfe0f9b62d65bb3b908a4565772a8,41.1958128,-115.3272864,nominatim_city_fallback
9b372b01d7dd767502ec69886710d18d924b2e04d83fe614067f9374eb6a5654,39.5261788,-119.812658,nominatim_city_fallback
e7a452a06283e040aa5a8f933cd771734bed199a5b00a31483992605dd51d00e,39.4745166,-118.777895,nominatim
fbca9230d4d19d1596e49a2bd537c6e3a424f48742ed9643774feef8738f88ab,39.1663259,-119.7670374,nominatim_city_fallback
cf2fc7d7405e75d054b1b3bf9ff37cf106b23e61c995987c6d2863e910de19f1,38.9855429,-119.162989,nominatim_city_fallback
190eb6a1488bf6b7acc631febfdfba8788231410e5ed6fb23915753fc713701c,36.1674263,-115.1484131,nominatim
f8697cc823590c1736285e1a88956e60cee27c5a36cb133b91ceb5fd5b0277fc,38.9855429,-119.162989,nominatim
cb9de0549efcbbdab5ba12df177da59a9e4dbd42c0edad23f5b107af313ad83e,40.6336532,-116.9539637,nominatim_city_fallback
b3c5f07e3a6660f675690f8d626db568f7c0c4ec10553e81bf5aaad953dc86b1,39.5347691,-119.7552534,nominatim_city_fallback
f3b6328f597188bb2c742f6fd849941681ef77f2e8bcfa1484f30fa5b172b810,36.75295,-114.648614,nominatim_city_fallback
99d19ae9d579ccf984e6a37476730fe0cf9711c8218467efc02b935e2ab5b140,39.5347691,-119.7552534,nominatim_city_fallback
c0b2b836a0c7df524d6866dd6917ec808e36afa7b3a9f72a39e5170b12ade638,41.1107264,-114.963144,nominatim
2b2ffb203c93faec7c752bcca6e36a93dc12bbdcadf325aff8a956e4cc8b4060,38.100063,-117.2250609,nominatim
06462d519d6fb18f580a09b73880be0eb92545a9ee4999253f4b67ab2a0a3dfa,41.9533443,-114.6833426,nominatim
c985fcff66e1d2a54fd3e19a1010db1ddec8fbebbfbe00bb62e322ae30cddfbf,36.2005191,-115.1214745,nominatim_city_fallback
43c997c217b757d75a2be1a1556e361f94ef7c7f51c5639c0fe8e5029dcddb7e,36.5785998,-115.6784801,nominatim
b8f6e89b1b6bc816c2619ec4adfe9bcc0637b28f25c4dffdd03a0400ecdd98ad,36.0319602,-114.9822716,nominatim_city_fallback
475423453112b787078f460da6e73af5a0778e38c580edcd1a0f4992f1ea0df9,30.4868564,-90.9562125,nominatim_city_fallback
498578e8bff7821a2336f6773b617362df1368e233ca5636f01a29dd786e5d28,30.45335,-91.2100569,nominatim_city_fallback
57ca348b69a9bfc193e1f1b3c7fbe701297e52d22db0e460b26335856634607a,30.2378751,-92.1801925,nominatim_city_fallback
50096cbe63b1d545cfca2873f0362be938fba1d9197c7adb1885b1e7c6fe389c,30.2378751,-92.1801925,nominatim_city_fallback
4d618ba05c5336804fe2643a5653c8ad056ae8bc535e5d65067394ec6ed67ce5,29.9561422,-90.0733934,nominatim_city_fallback
18ab9bd2c16d4de92914e3a90b00fbe5de411b9ccc438cfa3617a0eb0d2565f9,30.2368713,-92.505969,nominatim_city_fallback
924ade00eb6b843ec0fefffc0d958451669d3ec1d38043a8c55b17d6d363855b,30.7807244,-91.3763353,nominatim
9194c25453980d65f957d8aaa5a26030e98b9b0c559315fc5f0eba6fa4009b9f,32.5126469,-92.3584744,nominatim_city_fallback
fb59c2da63819a03baa6285e4d1b7ccf188e325c569014efe25d02e702aea737,32.4084539,-91.1869112,nominatim_city_fallback
dbc48a262db1c5a6c191a3aa3197b0a42fab51f5ab00a7b79710a6e0a464172a,32.4084539,-91.1869112,nominatim_city_fallback
1fe1e5b594db02a15256a965eb196ef48fc33c2212714dac7d8a40cf34f0664b,32.5025471,-92.116219,nominatim_city_fallback
4e7d920f9ef312e9860e237d7980a9983e1da4458e299e79f20c24658a3fc78e,32.3274069,-90.9250828,nominatim_city_fallback
d55b6d283f328788e287982abffbbf74ead723bd7176c561207cdf46296367bf,31.925228,-92.63994,nominatim
bd8b9f53583d19d3d801cf1ade92864313589458e947fb8ab610a279a2d578d7,32.4669849,-93.8133802,nominatim
40802911c021eafed852a859d72be1ac49dceea8bdaf5e6b315dd737d49e2f36,32.4435212,-93.9749081,nominatim_city_fallback
9b79c5b90b3397548cc5aff8aded460c83f6d4691e1f25c80b5c97a1ffb48e6f,32.3784735,-85.8627339,nominatim_city_fallback
c8906ccdb8df460778705d33d42d377906e748a4373d3326db9bac77e56bfe82,30.4949124,-92.4289449,nominatim
2e49220576dd3579afdd03d8f7ded785ebe495addc5c1a517927bf68e181ee5d,30.4949124,-92.4289449,nominatim
009a6270aee6a73b07f6dd567ff5dfa2952c9433ae55f98e5e4c95f0cad44e48,30.5043583,-90.4611995,nominatim_city_fallback
e2f6bc099b1907d37aa87b02e58d430724f990d6ecb8b58ad7eb58276e89e5fe,32.5135356,-93.7477839,nominatim_city_fallback
3fda094d11144d82bb299fd0b9c01430ec208e28491a7df5201732e1dfd9902e,30.5043583,-90.4611995,nominatim_city_fallback
d4af41a0a10c437cc62ced9ef1ea42c4f8ece70a514f43caf6fa45e2b26c79eb,30.2305095,-93.2169807,nominatim_city_fallback
9fbf14b2f313e446751d5cf54c06a809787c90071bb9833f081a90e5d0deed29,32.0218301,-93.7143492,nominatim
30c83659c359de292513dd30b7741ad431aabede5d75ff9f9f955e974a3e0698,30.1843642,-90.8592632,nominatim_city_fallback
54082e05473db739f6bb0e7c9874d6e8304c0fccc18b389496819542b8e8c38b,30.1843642,-90.8592632,nominatim_city_fallback
26afe3d4e08509382eb47591534951b99105a73a199ad41b1fede2ef6f276119,30.2591672,-91.98279,nominatim
940dbcdd3f5ec93117723762ad966eb8a6e6fab1afaac22604f3635ea0298060,30.2735323,-91.8992837,nominatim_city_fallback
c6a7f2f01f68ef5b2a3219246b89063794802b3d21f84c9771717300464c223c,30.2735323,-91.8992837,nominatim_city_fallback
3921c8ddb294cf01201bbf4cc76deaf2cab53ac68c0b1e9e6e76233db75b2202,30.4110276,-91.4337211,nominatim_city_fallback
1251ac5f5a0aa88410c3e5e30362b0d3489967639da5df285bf3fe8a35eef5a3,30.2751945,-89.7811745,nominatim_city_fallback
01019a576301f0f51308cb06082d6ada86bc40d494bd322fb40839ec482d018d,30.5473504,-91.9645603,nominatim
139618c892db3cd8181d739ec408f1dc1fe4707aa1da5fc3684b8bc9096362e1,30.5043583,-90.4611995,nominatim_city_fallback
2731cb9892dd176417bfa21977ebe8a84daf7bb023107915c234fa8bb904efd8,30.5335302,-92.081509,nominatim_city_fallback
b47018276142b9b6f68614f63db6b4f2bb53ba9eaad792b6b137630500f58824,31.626142,-91.8135871,nominatim
4c937551cd2e9c549967023f39b1652430522cbe4e72727137f0a2c4498ad63d,31.7606732,-93.0860209,nominatim_city_fallback
0e10071fa234b4f096a689b5619b233d5e54a0b24c7be10c383cb7b204f8c4a9,30.45335,-91.2100569,nominatim_city_fallback
8eb27b691def8cc6a76d6433c07ba2a7ad92283c639030366d8b639d94f552b2,30.45335,-91.2100569,nominatim_city_fallback
00aba4a49d2847098ac11c43e4e01cbb360d754ef9376733be4310132583b2c5,30.45335,-91.2100569,nominatim_city_fallback
2462065e057a079b637fd7fa9679bb522667aa32a410eed1fdecb178df8f4e3c,30.1907628,-93.5812717,nominatim_city_fallback
54652bed78d976aa7b40ea986b465a8b923944f36aa221bed9a7a49bc316dae6,30.1907628,-93.5812717,nominatim_city_fallback
4a783236571bf79f846f784a26089b2cfa61e9999ce618e5c0f8084e9063378c,32.4746949,-91.7568292,nominatim_city_fallback
a3accf20d5e2c37bf6b913a45320c3b6e304bb8eb564147df30a4c4715efd71a,32.4435212,-93.9749081,nominatim_city_fallback
50f2c164ab8c78c2541c89262dab9c288318ae8205bc96db35c08dce787b615c,29.5953311,-89.8460959,nominatim
9adeb37fb7d445732962c993a852d7818829ea91224c422f50b9548b6a340365,30.2735323,-91.8992837,nominatim_city_fallback
ad955f4481fc7d9aa334a13a8d2267cf4a681a9fbcec9ba469d3f24e6abe2671,30.2140928,-92.3745761,nominatim_city_fallback
cd5d08325daec1c3295a0d317377851df92eca151d3816f5cf5e15e8942307e9,30.4313991,-92.0649217,nominatim
841156542c926e2bce241ef6c4808f2226a6536a19e16d9444b53e41e6efe438,29.7992156,-91.5289091,nominatim
79410d0f2a997c5df4b28d331c9771cfd229b77047337ac452812b76e50d7dc7,30.1907628,-93.5812717,nominatim_city_fallback
347739bc8aa7c47041ade0c9c8c1a96782bec201df2f18e8a9d60009c5dc4cb8,32.5135356,-93.7477839,nominatim_city_fallback
f52e74d3a39821c16da9592b1eb572b204a23ddb667c60a472eda8cc318a533d,29.513768,-90.3239092,nominatim
8b31a1306eb105cc35cbd570f64badebb1a1a0b9d00df994a5fcec3d26af90fa,30.7864335,-91.374061,nominatim
03d48410d9edcfba7e4402f5cef47de38944c48015da85789f67ce23070d1f57,30.1907628,-93.5812717,nominatim_city_fallback
16d2810f36469c13810e51dad09fbbc2c4bd3cd07ce6aeadc9aeff0d1bcb4dd4,29.9561422,-90.0733934,nominatim_city_fallback
193c3106d554e7c06d5ecf0b307f5cd2b7f44109c098fba0bfbb16687b923dbc,29.9561422,-90.0733934,nominatim_city_fallback
63a9ffaf8b548f4e42b026bede07f007ced4b78799a8b5182ed615ad012b85db,32.5184775,-92.1476353,nominatim_city_fallback
ffeb38497f348326185a04e41c1eb65b7eac4dc930ed3a26e92b65518b296a51,32.5184775,-92.1476353,nominatim_city_fallback
580157ee9e952470de992a85bafbe3b86f2a64ac34c2cc944575effd7579137c,30.234925,-92.2684617,nominatim_city_fallback
79a3bfbb6a7df1a1c155230dd27d89629093522cf216f2142c822c3d9d0b2fb5,30.2368772,-93.0137569,nominatim_city_fallback
57d05afdbdea2ed6398f860c511230c6879c758d5db6a7c3372613b02cadd540,30.2368772,-93.0137569,nominatim_city_fallback
4e805f18b2fad27d10e40b6b6a91906feaa5c9a1e439e9b9fecb60bc00e13ec4,30.244375,-92.1930585,nominatim
ddb727f385466038905308961416474baea08d3b711dd7378abd817aebd7082e,29.5957696,-90.7195348,nominatim
d0c7ef30cbe9d8fe9b4a829b82d0941d2593a6110a7011581fec2f3e800a1eeb,29.9561422,-90.0733934,nominatim_city_fallback
5585561b3a92b24924f01bc2c1613caaf90d76e1f9da3f3271ffd508f36e72c0,30.1097089,-91.9428219,nominatim
79181728a027f845a6c0a096affa6169ca3a8931d26c00f6fce7b7e399c8dc82,30.1097089,-91.9428219,nominatim
d91affc93a342dbea3b7e20f77b3799c5b985c30f6fa7cdd5317dabac33f4b32,31.3119463,-92.4453558,nominatim_city_fallback
ebe2bf8d35bf234a74738df725eebc7a5c493f40eb30bd41cc92dfbfec27e6cb,30.7265725,-90.5222219,nominatim
27bcf7c408597f6b4f4cbd099bbecfded732a8006aac719bea05b08d50271478,30.7265725,-90.5222219,nominatim
f12e5504424107c59f5f49762ef93dd185a38c29504bca6a29b766ef991c9463,30.7265725,-90.5222219,nominatim
1623ed139cf0219fce5891276458b44c89f83440123ec6cd3d47cba72c223e0f,29.948261,-91.9887328,nominatim
7f5d1e68d16f88f5cdfecb5cbead2255328a8639e8f707da035ca7b2c86f75e6,30.0205669,-90.8297092,nominatim_city_fallback
d99cfc8dc3edcb5a34584a74a930e0a0316f0b0fcd2ef4fc94d83bb3189a0003,29.8549287,-89.9906253,nominatim_city_fallback
cbede806fde0dee4dc3625aebdde647b7f85ecae7439dbf4101f59575f1e54fe,32.1254252,-91.6778053,nominatim_city_fallback
d08455f2ade49ff1c1f605198732f8d519eeaf6b8b6e41c4e27e8894dfc55348,29.5957696,-90.7195348,nominatim_city_fallback
8927ce374501ee6f366e129b0581d50e3c61d689c4c72c3e029f634432b13bf5,32.3784735,-85.8627339,nominatim_city_fallback
d3b801cbe45c19b731ee2a1a9b0fb62ff9878eb03e9c7c41d7b2c5ab1ba7100f,32.0218301,-93.7143492,nominatim_city_fallback
b2b52e6a52944098788eae7d1e200286e6383460e57eeec1138650e143ccdad4,29.9561422,-90.0733934,nominatim_city_fallback
48391418234221390a1db22f804dd556ad25f4eab6d220d922001173849fd995,30.45335,-91.2100569,nominatim_city_fallback
8422507d4fa0075368a5e5bff4c73e57bacbed9398d632557cbf036b18b192c5,30.45335,-91.2100569,nominatim_city_fallback
51cf41a6935938f71cfb13f711299af45099a7a0c81ba951bc65fd182ffa002f,30.45335,-91.2100569,nominatim
c05af6ffa550f41555f2cc6353b6abe2587599a253444d107a0a209fda43218b,30.45335,-91.2100569,nominatim_city_fallback
64c75e6b7d4348ee9df6f739be29d816083fca82e30c16452fc0332c24875a3d,30.45335,-91.2100569,nominatim_city_fallback
54d896a290867cf8e627835cc8b2b3869898f747522619ef9355023231ddbbda,29.5644006,-90.3852722,nominatim
349f3b3da8f14ac33eacb480eebbfa227b9d1f3e760b106b5887da760384d360,29.8946084,-90.0990697,nominatim
3deebde0227fce40ae440ee2278be7bfd25dae881a5aa473c05eabe6c7aa1616,33.0022966,-93.4612001,nominatim_city_fallback
643185489cda9e88fb069ef9679bc5f85855eca84429926763c4fe3fbcde2653,32.8720384,-93.9855698,nominatim
2baf581b6c78acb0acf189a0fd74bcb48809e466f3c7bf07ac0fc12749ff6073,30.2735323,-91.8992837,nominatim_city_fallback
646b4e2f4df96454504d74781816f859b7373c440bf7c9e840f22a6e42dd48b2,30.2735323,-91.8992837,nominatim_city_fallback
2470a5500055090e05a9b42c56ceb0b162958a58e902063e0ca97ff737388473,30.2735323,-91.8992837,nominatim_city_fallback
188adfecdf9c1023e7fee51d52ecba314185169055dcc236a741cf4c682d8597,30.2576953,-91.0992706,nominatim_city_fallback
f5a6de99a8b37732b0117b2b67cab862f040b58bbac4751c91a9d16f9a50fa42,29.8965848,-90.1423719,nominatim
abbfe421771494497243816306782dd7e967884def7bffdadcb094fe9197b9ef,29.7010131,-91.185392,nominatim
d8d0b3548998b249336145c1872f573e7e774ede2b09f7a398e01655ca05f618,32.515887,-93.7336536,nominatim_city_fallback
cd2ad1215f8009ad8f93e20d6cf04b87fc695511be07688cfd6c99c6a75fddc9,30.1471506,-91.9612413,nominatim
dbf00de78c3ca45535732a1cc190a612bafd9e4375bfe60b641244415f5111d2,32.5126469,-92.3584744,nominatim_city_fallback
0406b521176a2942aa8022f1676c0974c0ed2e79b111267ae0b18875480860d3,30.0474239,-90.6898128,nominatim_city_fallback
fba10b294fea5722e13d7c8f1e04af9c52ddfb73389fe26aa99b48b8399bf915,29.6867175,-90.781302,nominatim_city_fallback
559f6826ae5ff54e2c202ba5a3dc44f04c1549cccf2e5032b01b066e89642ba2,29.5957696,-90.7195348,nominatim
4b56c83c3957262e206687c6b30ca22149161e2f77767ef6395282ccba887ef0,31.0579664,-92.049012,nominatim
4a3235c6190dfb2bc88957c822cd16d2e4aac6a8cebe87d6dae4d8c9ca6481d0,30.1154024,-91.8325538,nominatim
3111cbb74cd8891293f96f6f5e8c5f23b59a0c9ab7e9eef1f575400311131bef,30.5318883,-92.0821882,nominatim
e33de1b9504b9dc016bf2bac83194386d6dad3fd69b576b1b1bfdf925c45e787,29.7274331,-90.598976,nominatim
815c731336bdc267b53fe109f93311d8b98979cdf97e03b2b472f8e6238fa928,30.234925,-92.2684617,nominatim_city_fallback
fc048824c32bf51298574dc2669de77b947c55dbc75ec31311404e58a8bc6505,32.5135356,-93.7477839,nominatim
9a355b2947a61715139b07c947ed7614cbfcb8d541c9efb3519ef620daa56534,32.5135356,-93.7477839,nominatim
744b6079c295fb69c3de0c5b0ea174e98f7b20d88d939f712ce7eadcfaa629b1,29.973975,-90.2807655,nominatim
1fe63d0f998c97c9d8580dbbd203e7040009111baffbc954773d178ab9e829f0,30.3155874,-93.6618365,nominatim
cfb6aeb67920fd8a4a36668d15d12a39cfc0880cfa39949c9ebb141f595014fd,29.7957633,-90.822871,nominatim
d57fba0835c371bd133e5fd7566d1fe1f3bd3a51aeb00f28e1c7fbea932dbb13,32.4576421,-91.4931736,nominatim_city_fallback
09e17ede69bd6a94d3269e2b6d6991a14953eb6237563388d7222ef5743afe1a,32.5184775,-92.1476353,nominatim_city_fallback
7350b21262e0d51742d529efa9ea62cfd516de4a4ebb2ddb0c873268012aa5a9,32.5325626,-93.5039231,nominatim_city_fallback
cbd4965f15ea3b930d443d43a52bf04f4554604b105edd6da1ff1c83cfb66763,30.9528641,-92.1857892,nominatim
d8e0a19627c0c0987d32d6586a3d1ade20ea7a33c0e00d19ea286b8a1dbc55af,30.5335302,-92.081509,nominatim_city_fallback
0d8171e6a69a0be8d24d329eb2073e528fa0649e7308fbbe5afd995d0fc25bde,32.4435212,-93.9749081,nominatim_city_fallback
2869946fa0c958cc2391ffecb4dd2ffff3add84c3eb06e81ebc1dba96d7253c4,30.2751945,-89.7811745,nominatim_city_fallback
914585b2d7a5072f234ad6f2fd0a35b96ad70281eb695cc5d45e1c408d27e743,31.3904558,-92.6693132,nominatim_city_fallback
d2ff41c9e5aa075f674ff0452ae90049ec7765e7cb42698a3369e8cd50b56416,32.6154278,-93.2868354,nominatim_city_fallback
f894f1d19b2574913f79ce778a04aa29131b11a467054ea9f2bdd05379ad3135,30.9382358,-90.5089843,nominatim_city_fallback
0d4aa5cddcc4f64730bf81aae71f22071edf7770e02b1467215e4cd68e7c590b,30.2840655,-91.2370772,nominatim
f17189e3d233cadbab620ea5bb9cc63a020a883ce0bee739e7beeac037dfe91b,30.5043583,-90.4611995,nominatim_city_fallback
6d5c1a9e87c38bf58c0cc39ced30bddb79d50a69d2ee490ec85ebad6fe31513c,30.0823981,-90.5585162,nominatim
f5225d4d510d5dfca533b966616a35973a1f607adfa032d0951a9802ab716684,30.088394,-90.906018,nominatim
dc80e45ab31319332b953611ca70271542652258d29ba66ed8f077d0215d44bf,30.1471506,-91.9612413,nominatim_city_fallback
7b0c4583a8cd8b556b4429ad8f62ba32e9f7cd88ee131e8f3e92c9992ab6edd5,30.2365943,-93.3773783,nominatim_city_fallback
18a49e03c4d8b8275229e8610bc94ebc906f8661a5e4f9db55e72cb25647c737,30.2224284,-92.657085,nominatim_city_fallback
01a34357dfaefa6a1d1efbe41ee79b995c2ee7dea8675a8583b3f6bf4bdce730,30.1907628,-93.5812717,nominatim_city_fallback
ae08119515f43c09c727c321c299d0b3ef9496b7a8bbf51fdad523a857711339,32.4576421,-91.4931736,nominatim_city_fallback
6846766a9f462630e466113a960bd54ca818c621c1b1e71d1076c81ebf071f50,30.4199203,-92.0465087,nominatim_city_fallback
eb483cf804d1cc2e81b6d559c8967e8476f7c6e08d339f03db6f3b4b00d36b33,29.9468716,-90.3231349,nominatim_city_fallback
10e001980b6d289865d257f152429330e19a814a7ec1e4c401fbee32207528f5,32.6154278,-93.2868354,nominatim_city_fallback
a81dbaabfc5822127ab2f61907a5cab5e32c7f64af55a2b6fb777c38202155bb,32.6154278,-93.2868354,nominatim_city_fallback
9b83afc5f8b02fc4f0e7ef6b55c9491e0cf7a6ee10a39944bb7ce5b30e200190,32.4435212,-93.9749081,nominatim_city_fallback
e276e3b19331e7607f654024907c5baf2b3bd5268d2ce06e3f36107acfad9602,30.4868564,-90.9562125,nominatim_city_fallback
406d47e8315588df3de8e209bc5421b46d5cd08c8457668152aaabe1b8cf7add,30.4868564,-90.9562125,nominatim_city_fallback
559d03c50f466ac5e54b2cab80620a5ea7cacb6f12e3f025b739d4224ee76d59,32.6154278,-93.2868354,nominatim
3d40fbe978cb92061c6a30b500ec72e2f4d2dd64953eee7c993a6e3650e76b5d,32.2444827,-93.6911289,nominatim
86d51d7a2139e1a4d3842d934933fbb8c07c466c21c440ba34addea994984995,32.3737683,-94.0379649,nominatim_city_fallback
7e156fcaca5794f1e65c3c56928dd6f0ea5b6ef2f43402a6159917854b29da47,30.4112904,-88.8279165,nominatim_city_fallback
a286d1df19650fdd743877312b54e89d550c39de52e5484f1fc45dc608bee531,32.418474,-88.5069819,nominatim_city_fallback
3924bb4214fcb183470a85f466cf2342557c838b1e1a2d27c61abb00b8036d2a,33.5811826,-88.6590308,nominatim
281310c9c4089404eb69dc96a84a6d329cfed2f6b74a32581006e4d84172ea8d,34.9274483,-88.5275664,nominatim
d7cbdbf0b05b0655ea4a7029736138a6c5a81bbf24aea6d9f1cbc43abc9361af,33.4111051,-91.0635857,nominatim_city_fallback
9238d5d19dd7efc64ac0146ad1ec7bc24f0dc714f1afd858c386ae2984ef89bb,34.8263002,-89.5646458,nominatim
cf0a9147cc795125149457be3ce167a0cb7fe02b262f64fa1e0999d4646a203d,31.1582154,-88.9200864,nominatim
0f53c5468eae53d739c615a007362ca390efcab0cdfefdec9a9ab1960485399b,31.2743084,-89.2882938,nominatim
3a17aab04ab0a7c9693688df9fccf11bbbb9a506f719737dad48e9400b56defd,32.3643098,-88.703656,nominatim_city_fallback
1bb407f5b4c9bbd55f846d5df3a7d70585a75454922fd71559321b124766f3fd,31.3271189,-89.2903392,nominatim_city_fallback
909a7b3bdc58363bbc87114c2eb12581ab76a8e9fd037398ace6c4e669031a4f,31.6940509,-89.1306124,nominatim_city_fallback
c835d506450b01411830a5a4c97bc42edea20982a6c5d50b176292e4fcf612aa,31.3271189,-89.2903392,nominatim_city_fallback
4259323e75fc8e4fbfd80e274f0a8e2e346538f91a27681c5eb4449c827de12d,34.3103831,-88.7883888,nominatim_city_fallback
a7868a6f0be81907b5364cde81016e962d015b46403d30eae438874bce9e8c78,34.3069861,-89.9174289,nominatim
076d4ca5d1a5faeb2db0aced3d8fdf7bd56532de5729d40a9f4759b646836e20,30.3674198,-89.0928155,nominatim_city_fallback
791b9594f5b2a9d52b4dac7b3ee0cd4b0cb55ab2e2d51cd932eb4f3d0fa8298c,31.6842792,-89.1383693,nominatim
a0f6be4252dc70029421b861b260de6b5fe86b2ab98fa0bf35e14e0198ce0886,31.6940509,-89.1306124,nominatim_city_fallback
4cc1cd4ba85afb8c51b71a8f4fc5ade4662c25cab99b8c2191584ff01a38139f,32.2762194,-90.1756514,nominatim
bbb44ccf89025766b57462080776fa94352396ea44e474e03a6b06119846fe68,33.985088,-89.8960337,nominatim_city_fallback
b0fd5cd07c42076d3c4ad445edb6154d2018b471c844fc3261107754b67c3244,32.3643098,-88.703656,nominatim_city_fallback
78f79a0b78aa995659f2369ca755421586c977957dd074a5eeed98e4aab19502,32.8837433,-89.9714731,nominatim_city_fallback
ad40f1ce94cac3e20b4d96313f31d31adddf1a956f8fa8618e28368b90bf3e82,34.316488,-89.9527108,nominatim_city_fallback
c3511bbc8ba46be2d754652b9581aca93354fab4d600393fae780547dfb6b8cb,31.5604076,-91.403171,nominatim_city_fallback
ec74687545bb22bfd27401f4518c63e0f2258d71dc5cad789e86e4ee74eb1e27,34.9343599,-88.5223353,nominatim
cc72f621500c9a4afc635749b63be9eaff90fa52162f59af633e55a9e32fdd6d,34.3765897,-88.6844613,nominatim
87a2cc7e449e12402401c318fe107437bdaaf5f1e9a39766713827554987abf5,32.3528055,-90.8777342,nominatim_city_fallback
292e3a94b9cd49d0ad8c4d39f66fe10965ced5a73573307ad66464881a983c6c,34.6187807,-89.9646282,nominatim_city_fallback
47fe32f5f7d8f487cbf1cea2cde007ad1f6c25f6761450a1750561def395c9f8,30.3674198,-89.0928155,nominatim_city_fallback
dbfc24b6595198ea66efd5b3ede7e93feddbae2dff67d16551a3eab8a063426c,30.3674198,-89.0928155,nominatim_city_fallback
9c69cda5ef935bb5a8690e332f7fe2f142a4e1c7ca73777d383312d0add134b3,31.3239186,-89.2936557,nominatim
c9bd53962c78292131870eea3943cdbca19cda48d25b123ecb5531eb38a9c0c8,32.2735792,-90.127881,nominatim_city_fallback
b2a1d728a6ad49e71e41dd805d159deac34ac5801ae10a9317bdafd84811b7cc,31.5129753,-90.1205396,nominatim_city_fallback
5745776b44ba63c0f04780da871c715329bb7499f314c09895b8d03eb1000d9e,32.3132159,-89.7989402,nominatim_city_fallback
de35ce43906e0a068df42a7567e085951d7ce3a2cd629dd4010a7c4a59dd871e,31.3271189,-89.2903392,nominatim
7009f0be77f565c7f65433e363417b50145fd107304bc5c84fada267ddbc9d92,31.8868224,-88.9839419,nominatim_city_fallback
24d874b2127e38a61297a9b17b1ae62ae7c2cdb080fe71d104f913424d1505b2,32.3806062,-88.6361654,nominatim
1224c221e8040e1d0dd4de099587b24536981df051c9163b6142f18f4e36c26d,34.9485431,-88.9020767,nominatim
1f8497c13205f286476c780b74ba2e5a31c33ecbc0e6a2b7ba23ead7ed08d58d,34.9485431,-88.9020767,nominatim
3c39407d3d81375c6636418ed284cfd7113c8c870948326a7cc3a495c98167ab,30.858244,-89.1353283,nominatim
b93ccc8192f019686a91de7ad07e0a6111f7b6866d5cc7fcfc8acb2de21568da,32.2998686,-90.1830408,nominatim_city_fallback
3b86fcbeac4a958446bf37a1eacddf58969b3a905fd3f9141edcbb22d672680a,32.3092861,-90.1386811,nominatim_city_fallback
52fea8ff4ad137500f087ac766f24f5c905b2864898921f60e5c311b3f9ce89f,34.4942683,-89.0078418,nominatim
1f7f3e686bff08252d746079b2de69e758ac94f668bff635a2bacdd8df9e5f71,34.9617605,-89.8295315,nominatim_city_fallback
dd995944380661628d93c82644c3aac869b39af75f978eec24756b677bf393db,33.4822954,-89.7277222,nominatim_city_fallback
f9de3c0de0c13093031fb5db4d80ddfcd053da73009328ef3f4ee2b10bc5c3aa,32.2998686,-90.1830408,nominatim_city_fallback
a8f3f2c5c35f69c2eacf39fbb312df9677ea84a6812408c42ab1cd512044eb75,30.4007626,-88.8893818,nominatim_city_fallback
a6095ad4d85ec26908df98009ef8abd4de856ba60b14f4d96246b8a7c9dc01ea,30.4007626,-88.8893818,nominatim_city_fallback
737ee33bbde64e29bc37346165131a9759359b69a686cc8813143d500d51f73d,34.9399451,-88.5444656,nominatim
7527732ff20759f0090b676b1181ef15648ea6408269b642006c75815534307a,30.9248878,-88.5879421,nominatim_city_fallback
781ecc1cd163d5f869851f484a48e8e62f8f22dfc6f352540d895fb2ecd2df68,32.612602,-90.0367512,nominatim_city_fallback
6bba11ca4762600d61f2294c138ec7755fa493fc9b63f5627daad176cf8cacf1,32.3643098,-88.703656,nominatim_city_fallback
6e9a5ed09fc4e943094ca1f865a0d5689cb4e6736dda8aee2698201c76047ea7,34.8723179,-89.6906396,nominatim_city_fallback
9e6fb4ae6c6250f324ae0a164122370eee82990cfbd52d47457c722c7f637c41,31.62614,-89.5451706,nominatim
10f79d6729f6106e7c53b5efbd3937d4e3bc875cd7944c6d9900b968a9239087,31.2518582,-89.8353099,nominatim_city_fallback
5059fc2dec8fb6c6901ac9572330ec75b886ccfb0ccf0702e02e6d3d5aae9854,31.571536,-89.2347934,nominatim
c798336714ac63827e25cc30571641a1f7309242c16f625bff6868094be3b549,32.1558971,-90.1253484,nominatim
2053952a6517ffdd928a4ec290a9f392ae9abe0501192b02853c9067eaa19186,32.1558971,-90.1253484,nominatim
294d57151291f2cb57a7bc60dc9968691b9f1e7d030168ff6ab62ee3a14709a2,33.5401623,-89.1213573,nominatim
856970c8898f45d5c6199b4b8f0922c25829ea9ba98a22486735922fcefd4e75,31.2024033,-89.0347743,nominatim
9b1a5721294f97895d9499801f67213bf84480dc7657fb7f25df54b034f42dd3,31.2010022,-89.0445022,nominatim
eca2109bc17f130fd3dfdb4d1e5cdc7f5612f0673d1580fa8b6b6956edb1de2e,32.3948615,-85.916902,nominatim_city_fallback
1b5f6b783fa6e89434d14d6d2383f7e8852ee96ed947fe01ad760046c3174aa7,33.1998045,-87.4530148,nominatim_city_fallback
a323b6548b295583f891955bc9640cbba23b61134aac5d54a8d4b2ecc9d62e34,33.1998045,-87.4530148,nominatim_city_fallback
e5f03ed138941cdfed174fd35876ef5a37c542dea2f055dec6b13b4d349a17ac,33.285669,-86.8099884,nominatim_city_fallback
3a96c2bbbb83e94d9cc1fa34adbe17b0c5bcc4186d35b4e9b47154003fcb2c0c,40.8333582,-80.5455322,nominatim_city_fallback
5f38e901749bd52731dc7de97fe97e9b825a2182a430837da8d4dd49cb93003a,33.5206824,-86.8024326,nominatim_city_fallback
dcb0df85e265c8f629c77dabb68a22ed4eed136bf45a904605b4d826e44dc1d8,33.5206824,-86.8024326,nominatim_city_fallback
3724393fce9cebbbbb784e913505355c705c09ea43bb1f9fc0039be0385ed902,33.170482,-86.2514099,nominatim_city_fallback
ee6e91a14ff50d8a4c8842060d16be2e67d2fa051dd3f5cb822400f8d7684495,34.0470483,-87.54974,nominatim
b4573f418172630a07bc7f4a0a34ac1fb7c5dfaa6040d97be388b8e42c509a06,34.4817816,-87.2919449,nominatim_city_fallback
408a5710de87bd723b307ab4379a77a78fe7434cb8958c88791f25ed05987c49,33.5917715,-85.8971885,nominatim_city_fallback
be1189c086a70f49837cfb1e51e09c112ed698efa2c80f4b8147d4d06aa9a9c6,31.2237285,-85.3934375,nominatim_city_fallback
efba9170545ba0812aa8d54a4c525c03bfd970f091a6b6181c07023b60f8c28b,34.7318811,-87.7028627,nominatim_city_fallback
869003dcd354c8ccf444db1e1cc1f449109dc49054b1ef11ff0dda930b7e40b5,33.8215857,-87.3143563,nominatim
37133a43ddc8473bcaaf5ce87a39b6e0219516770bdb8c36b396426a02f14753,32.2698632,-86.3571916,nominatim_city_fallback
cfaf9d91d26cef6ee25d747e437b91a60cec92bdf5ea59c7ab682ead4ac1cb91,33.6131588,-86.1183061,nominatim_city_fallback
358bd422564439ed98f6541c0011afbbec0f1fa361bd1e5f7e1f89ca267c5a44,33.6131588,-86.1183061,nominatim_city_fallback
717534cae6da99d4f2772dea722b01f30da4fc4302a9f9da0189f31b699db1ed,32.8392013,-86.6309229,nominatim_city_fallback
1a9b1adad9b0d09e223e51345b7c84853a5b969155683fd930659a5ebe4d4147,30.5552959,-87.7109526,nominatim_city_fallback
85d24a8a98ffd4f595e0d1e659ee5bf71466c24c76f399beb937b12823f252f8,30.4722153,-88.3465463,nominatim_city_fallback
beaa3c60e1b835a56a6fa0d4ee0fa24f773176b580a1b2ebe2d1c08a9a78ec71,33.6489948,-85.5874584,nominatim_city_fallback
2ad6e2ab8cfb2e4be83c595dbb63b17e2d00406c9b13979fbb7f97c629d946af,33.6489948,-85.5874584,nominatim_city_fallback
981f7be38a25be033130ce29f42f39ffcbb162e485d42a743c74e8a93a9311ed,34.1335332,-86.8779268,nominatim_city_fallback
a73c861eaee7d511dc907db48406f322b96536140ad7d4f7dbaae035493c0f5c,32.4240535,-85.6908715,nominatim_city_fallback
4529d68e323b4f1c17098628ca17ddff21b23fcd6e3b29bfa9681d4f7a5c5def,32.7848521,-85.3057779,nominatim_city_fallback
51190b0282a845802ee2b440e8a41d8119f19f40c2c95976850592b7405bb92f,34.7318811,-87.7028627,nominatim_city_fallback
6b88147f613e3000599360892e337ae4e30f56f6c29a5b9e2dad3cc47e965c4d,32.3777111,-86.3090775,nominatim_city_fallback
a952d7eaa07ebc1278556a14cde5a97e473bd76d451b4c94e945ebf9fe6444cd,33.2095614,-87.5675258,nominatim_city_fallback
c14ddfc00eb6a97c968c7a0c9249d1610e3f3202b5e27cf635faa7f8fb5b34b8,32.6454116,-85.3782795,nominatim_city_fallback
bd8357d5e673887a8d91e1546fd311a8b8e0d5bebee9e527751b94a557d3cb71,31.5702088,-85.2503315,nominatim_city_fallback
bdadb9f95376f8d3b3998a7b729a448d33409cb64b9a41a05edf9e32a2245508,30.5463684,-88.2023937,nominatim_city_fallback
844f95431471d4ffcd2b7e5c25af25363609eea57950dc837199e10646d04553,31.5278224,-87.3246325,nominatim
ad1708b1a3863a70a168052573efe8517264d8f48e3c008bb7c4aeb827d7736a,34.1420861,-87.9890206,nominatim_city_fallback
f38a78a92c9131d740b874c10c782fb4b99c545e038d6cebb96e1510dd5d35f8,40.8333582,-80.5455322,nominatim_city_fallback
200306e5eba0bbdf3801e79549c68f86531f23babf691f4d2d85fb31db1d100e,34.3684295,-86.908616,nominatim_city_fallback
321b4e5e04ee105d52486ac591425b020f4256ae21f2993b701e38c59586aaf3,34.7318811,-87.7028627,nominatim
0f12dc13648c532871c3e764fde48f5f165dad0b7ffc60e3fe3ad6bd8ed4dd32,32.5841595,-88.1872828,nominatim_city_fallback
cf2ac7f7270dc3a4e633c556d01bf0c91f7252bf5e5324871a22edf0b1e3ea30,31.1749404,-85.23635,nominatim
3e5397a333d04f2750f55e4e20733a2641bdb48833aef176ad7939d187cba20d,31.3013185,-85.7289152,nominatim
f32d5602ea42e3b7c7b6064558d79e3752f5e8b06e9fa1e88d57273d436b3dc6,31.3151708,-85.8552161,nominatim_city_fallback
68ef15ecbd744916a54025e0478fc8bf1ecdc09ea157b696a2aeaa6dfe5cfc59,31.382389,-85.3268127,nominatim
4e8b7cce1f8d6e21fcf909968da107185612359fc02e7478be0ce48cf08bb900,31.0978406,-88.0120337,nominatim
d9fcbc10e059fc37be178708ee905f323fcf09c12e0841030b44e0ae97b321f0,32.7884608,-86.8716549,nominatim
351874dd7555c13c714616b51befd851e8893ab44f3c641253165ddf721b9b45,33.6131588,-86.1183061,nominatim_city_fallback
67258bfa46be81e74695a0747f09c1db5c2c7e63423d00fb7c439c64325cb476,34.6060203,-86.9838165,nominatim_city_fallback
c0306980faa2d057c7b139f6db1c011230259a5fc3e4122f76276b412e85178a,30.853241,-88.0561106,nominatim_city_fallback
3eeb677f026149068da18e96553b6b2496c38331ca3682a0dc23c009f6744e84,34.2180458,-86.157879,nominatim
572f4a697da1cdcf941ae0c634dd6b8a696bbd961f9b8851168241af8193308d,33.1456684,-86.7495863,nominatim
a9479a360b35931128a3211df411010a36f6d3de8e27c43bf8de1b3060c61861,30.6182476,-87.7530454,nominatim_city_fallback
50b67ebbf1bbed181ed3ddaf8970281508063efa93ba668f4a029a531a0a4720,31.7201615,-85.8160567,nominatim
bd53cd201a2c379d197c4e43bbaea5d64b696c12f8f25f48d554c2bf27d9c997,34.1520406,-85.6788531,nominatim_city_fallback
f800c36c7ee7e3f3f834ec387e6ca170725b073efd1098afafc577f176d07766,34.7925827,-85.9099775,nominatim
027857a74c77bffa84d1fb444bbc7c158a8a87296f5742411ed8ea1215d1da54,30.6913462,-88.0437509,nominatim_city_fallback
25cfcbf1e7623e68f188e28dc3e811c56c9fc0d78b6457d3fc7ca0e656fbabcd,33.2292976,-87.5771286,nominatim_city_fallback
01165aaaa7131a80e660c5ca31f0c7bd2a07201e2b21a1d9cf022c301cdb129e,32.5058179,-85.0529668,nominatim
8706ffecb38208afd51b17885219702cce73829f5a07944eadb94bbf716eca59,34.025609,-86.3258835,nominatim
f91e74e2d27ee5bdc6ef66d037be49bafe5c5b70b4ca0bc161098b8d645ad12a,32.8392013,-86.6309229,nominatim_city_fallback
c61e45fa6b2b59fea3f720d5bcc41dabb2351873197f8478f52f068a8bfa4fb9,31.1039239,-87.0722655,nominatim_city_fallback
d78620ca90e57d52ba3d58ed6991517a83ba09437d9603a47292a91ac4e0709f,31.1039239,-87.0722655,nominatim_city_fallback
99dd1745af4c668c566e30d452b9555a35cc80fbbaa938dc2677da9a3961c0e5,31.2237285,-85.3934375,nominatim
cc0f40d7d7dfdc45c7350598ae794a64a5288f319b73308256f95ec3cf61939a,31.3151708,-85.8552161,nominatim_city_fallback
b3e726058619c656679df5dd93bdf1b67e8cac3dc18c4946a828bcc259915be8,32.4168014,-86.409713,nominatim
b2d655f81e791adfed23343c6f429254f19985e0b51661d242817bf6bb8428c1,31.8638179,-87.7468379,nominatim
44fd54b47ed6a4330bd012361815f376191d9383a5d2714524c81e1b84ab7040,32.8187406,-85.1793852,nominatim_city_fallback
47d5d7e0322e0597946b7da2a670bfbd82697370b46116eb484d22a86b8b26bd,33.4958771,-86.7952449,nominatim
3e72f0d0b4c571c267950f7bf0c1e363ab604fb844b03bcf8411a33523cc135b,34.0128323,-86.0030251,nominatim_city_fallback
8cf7271d90a3a4e0751545ca3cab73b14107f63b097f6333d5893e319a06c1a4,33.5206824,-86.8024326,nominatim_city_fallback
e9b89a5d171029728fb3363d32b05c9b131da0aa86cda0b54bc27c55e86b94cd,34.4389336,-85.7597175,nominatim
428625ee9a40b405de83bc97163ffd641b02ab0a10219ee03c7ab1c3fa7c4e41,34.6689794,-87.3094649,nominatim_city_fallback
09325ba99964ebeee146a2dea94b5d2acfc9ec8c12400a17f6fd202e4d31d95a,32.4798575,-86.3619163,nominatim_city_fallback
68fed32b90092637d7d2a271f321778fbc9a6fa5e8e54bbd5758b5c91258c9ad,31.0237921,-87.4938708,nominatim_city_fallback
b9d3a41210eef4c21b2d5a7f6f6ad9c3fa4178f09a30f949ba14ca7a2a2df8d2,31.0237921,-87.4938708,nominatim_city_fallback
152b7f45b6aedddfcce8ecb3d9da08ad56f52bc60023ae2bb36a9df87bc10c24,32.9373463,-87.1647184,nominatim_city_fallback
a195c552f74107028ea1bc8e193339759bca1e82b361c818489914dddb4255c7,33.4017766,-86.954437,nominatim_city_fallback
41f3a5002ffe2548b5c8894952bb63435f40761dd3e4de47a7cab9ff0c7312f2,34.6866858,-85.9942566,nominatim
34e7ca5633ea9d5b6ee91be28593b592ed1d26853484b34d05c779077f6abb48,34.629025,-86.8955797,nominatim
